%"otuids"	"Rank1"	"Rank2"	"Rank3"	"Rank4"	"Rank5"	"Rank6"	"Rank7"
"4479944"	"Bacteria"	"Actinobacteria"	"MB-A2-108"	"0319-7L14"	""	""	""
"513055"	"Bacteria"	"Proteobacteria"	"Gammaproteobacteria"	"Xanthomonadales"	"Sinobacteraceae"	"Steroidobacter"	""
"519510"	"Bacteria"	"Proteobacteria"	"Alphaproteobacteria"	"Sphingomonadales"	""	""	""
"810959"	"Bacteria"	"Actinobacteria"	"Actinobacteria"	"Actinomycetales"	"Intrasporangiaceae"	"Knoellia"	""
"849092"	"Bacteria"	"Bacteroidetes"	"Cytophagia"	"Cytophagales"	"Cytophagaceae"	""	""
"1042671"	"Bacteria"	"Bacteroidetes"	"Saprospirae"	"Saprospirales"	"Chitinophagaceae"	""	""
"818174"	"Bacteria"	"Bacteroidetes"	"Saprospirae"	"Saprospirales"	"Saprospiraceae"	""	""
"585221"	"Bacteria"	"Proteobacteria"	"Betaproteobacteria"	"Burkholderiales"	"Oxalobacteraceae"	""	""
"1033380"	"Bacteria"	"Actinobacteria"	"Actinobacteria"	"Actinomycetales"	"Nocardioidaceae"	""	""
"875704"	"Bacteria"	"Bacteroidetes"	"Saprospirae"	"Saprospirales"	"Chitinophagaceae"	""	""
"112952"	"Bacteria"	"Chloroflexi"	"Ellin6529"	""	""	""	""
"760955"	"Bacteria"	"Acidobacteria"	"Acidobacteria-6"	"CCU21"	""	""	""
"683649"	"Bacteria"	"Acidobacteria"	"Chloracidobacteria"	"RB41"	""	""	""
"4337833"	"Bacteria"	"Planctomycetes"	"Planctomycetia"	"Pirellulales"	"Pirellulaceae"	"A17"	""
"146122"	"Bacteria"	"Actinobacteria"	"Actinobacteria"	"Actinomycetales"	""	""	""
"590601"	"Bacteria"	"Proteobacteria"	"Betaproteobacteria"	"Burkholderiales"	"Oxalobacteraceae"	""	""
"588630"	"Bacteria"	"Proteobacteria"	"Alphaproteobacteria"	"Rhizobiales"	""	""	""
"255750"	"Bacteria"	"Actinobacteria"	"Rubrobacteria"	"Rubrobacterales"	"Rubrobacteraceae"	""	""
"541155"	"Bacteria"	"Proteobacteria"	"Gammaproteobacteria"	"Xanthomonadales"	"Sinobacteraceae"	""	""
"736463"	"Bacteria"	"Acidobacteria"	"Solibacteres"	"Solibacterales"	"Solibacteraceae"	"Candidatus Solibacter"	""
"761601"	"Bacteria"	"Proteobacteria"	"Gammaproteobacteria"	"Xanthomonadales"	"Sinobacteraceae"	""	""
"529067"	"Bacteria"	"Planctomycetes"	"Planctomycetia"	"Pirellulales"	"Pirellulaceae"	""	""
"107036"	"Bacteria"	"Proteobacteria"	"Alphaproteobacteria"	"Rhizobiales"	"Bradyrhizobiaceae"	"Nitrobacter"	""
"570086"	"Bacteria"	"Bacteroidetes"	"Flavobacteriia"	"Flavobacteriales"	"Cryomorphaceae"	"Fluviicola"	""
"1000876"	"Bacteria"	"Actinobacteria"	"Actinobacteria"	"Actinomycetales"	"Nocardioidaceae"	"Nocardioides"	""
"1132235"	"Bacteria"	"Actinobacteria"	"Thermoleophilia"	"Solirubrobacterales"	""	""	""
"740154"	"Bacteria"	"Proteobacteria"	"Alphaproteobacteria"	"Rhodospirillales"	"Rhodospirillaceae"	""	""
"943138"	"Bacteria"	"Bacteroidetes"	"Cytophagia"	"Cytophagales"	"Cytophagaceae"	""	""
"544711"	"Bacteria"	"Bacteroidetes"	"Cytophagia"	"Cytophagales"	"Cytophagaceae"	""	""
"4346961"	"Bacteria"	"Chloroflexi"	"Ellin6529"	""	""	""	""
"912372"	"Bacteria"	"Gemmatimonadetes"	"Gemmatimonadetes"	"Ellin5290"	""	""	""
"1019914"	"Bacteria"	"Bacteroidetes"	"Cytophagia"	"Cytophagales"	"Cytophagaceae"	""	""
"811187"	"Bacteria"	"Acidobacteria"	"Acidobacteria-6"	"iii1-15"	""	""	""
"540592"	"Bacteria"	"Proteobacteria"	"Deltaproteobacteria"	"Myxococcales"	""	""	""
"939101"	"Bacteria"	"Bacteroidetes"	"Saprospirae"	"Saprospirales"	"Chitinophagaceae"	""	""
"1038987"	"Bacteria"	"Bacteroidetes"	"Saprospirae"	"Saprospirales"	"Chitinophagaceae"	"Flavisolibacter"	""
"107428"	"Bacteria"	"Verrucomicrobia"	"Pedosphaerae"	"Pedosphaerales"	""	""	""
"811435"	"Bacteria"	"Acidobacteria"	"Acidobacteria-6"	"iii1-15"	""	""	""
"775560"	"Bacteria"	"Acidobacteria"	"PAUC37f"	""	""	""	""
"743788"	"Bacteria"	"Actinobacteria"	"Actinobacteria"	"Actinomycetales"	"Actinosynnemataceae"	"Saccharothrix"	""
"589500"	"Bacteria"	"Proteobacteria"	"Alphaproteobacteria"	"Rhizobiales"	"Hyphomicrobiaceae"	"Hyphomicrobium"	""
"578951"	"Bacteria"	"Gemmatimonadetes"	"Gemmatimonadetes"	"Gemmatimonadales"	"Gemmatimonadaceae"	"Gemmatimonas"	""
"206278"	"Bacteria"	"Chloroflexi"	"Ellin6529"	""	""	""	""
"214676"	"Bacteria"	"Gemmatimonadetes"	"Gemmatimonadetes"	"N1423WL"	""	""	""
"244063"	"Bacteria"	"Actinobacteria"	"Thermoleophilia"	"Gaiellales"	"Gaiellaceae"	""	""
"4402900"	"Bacteria"	"Proteobacteria"	"Alphaproteobacteria"	"Rhizobiales"	"Hyphomicrobiaceae"	"Rhodoplanes"	""
"221791"	"Bacteria"	"Acidobacteria"	"iii1-8"	"32-20"	""	""	""
"1107738"	"Bacteria"	"Acidobacteria"	"Acidobacteria-6"	"iii1-15"	""	""	""
"1897510"	"Bacteria"	"Proteobacteria"	"Deltaproteobacteria"	"Myxococcales"	"Haliangiaceae"	""	""
"691349"	"Bacteria"	"Proteobacteria"	"Gammaproteobacteria"	"Xanthomonadales"	"Sinobacteraceae"	""	""
"735782"	"Bacteria"	"Acidobacteria"	"Chloracidobacteria"	"RB41"	""	""	""
"255838"	"Bacteria"	"Acidobacteria"	"Acidobacteria-5"	""	""	""	""
"878663"	"Bacteria"	"Proteobacteria"	"Alphaproteobacteria"	"Sphingomonadales"	"Sphingomonadaceae"	""	""
"215003"	"Bacteria"	"Actinobacteria"	"Acidimicrobiia"	"Acidimicrobiales"	""	""	""
"254007"	"Bacteria"	"Verrucomicrobia"	"Pedosphaerae"	"Pedosphaerales"	""	""	""
"731014"	"Bacteria"	"Actinobacteria"	"Actinobacteria"	"Actinomycetales"	"Micromonosporaceae"	"Pilimelia"	""
"1106796"	"Bacteria"	"Bacteroidetes"	"Cytophagia"	"Cytophagales"	"Cytophagaceae"	""	""
"552989"	"Bacteria"	"Proteobacteria"	"Betaproteobacteria"	"MND1"	""	""	""
"206609"	"Bacteria"	"Proteobacteria"	"Betaproteobacteria"	"Ellin6067"	""	""	""
"813418"	"Bacteria"	"Proteobacteria"	"Alphaproteobacteria"	"Sphingomonadales"	"Sphingomonadaceae"	""	""
"828667"	"Bacteria"	"Actinobacteria"	"Actinobacteria"	"Actinomycetales"	"Micrococcaceae"	""	""
"217700"	"Bacteria"	"Armatimonadetes"	"Fimbriimonadia"	"Fimbriimonadales"	"Fimbriimonadaceae"	"Fimbriimonas"	""
"576136"	"Bacteria"	"Proteobacteria"	"Alphaproteobacteria"	"Ellin329"	""	""	""
"534301"	"Bacteria"	"Proteobacteria"	"Deltaproteobacteria"	"Syntrophobacterales"	"Syntrophobacteraceae"	""	""
"535892"	"Bacteria"	"Proteobacteria"	"Betaproteobacteria"	"Burkholderiales"	"Oxalobacteraceae"	""	""
"852722"	"Bacteria"	"Proteobacteria"	"Deltaproteobacteria"	"Spirobacillales"	""	""	""
"807260"	"Bacteria"	"Planctomycetes"	"Planctomycetia"	"Pirellulales"	"Pirellulaceae"	""	""
"849156"	"Bacteria"	"Proteobacteria"	"Betaproteobacteria"	"Burkholderiales"	"Oxalobacteraceae"	""	""
"207403"	"Bacteria"	"Proteobacteria"	"Alphaproteobacteria"	""	""	""	""
"963779"	"Bacteria"	"Proteobacteria"	"Alphaproteobacteria"	"Rhizobiales"	"Rhizobiaceae"	""	""
"540510"	"Bacteria"	"Bacteroidetes"	"Saprospirae"	"Saprospirales"	"Chitinophagaceae"	"Flavisolibacter"	""
"4297391"	"Bacteria"	"Actinobacteria"	"Actinobacteria"	"Actinomycetales"	"Intrasporangiaceae"	"Phycicoccus"	""
"565604"	"Bacteria"	"Proteobacteria"	"Deltaproteobacteria"	"Myxococcales"	""	""	""
"864507"	"Bacteria"	"Bacteroidetes"	"Saprospirae"	"Saprospirales"	"Chitinophagaceae"	""	""
"547608"	"Bacteria"	"Acidobacteria"	"Chloracidobacteria"	"RB41"	""	""	""
"780555"	"Bacteria"	"Proteobacteria"	"Gammaproteobacteria"	"Pseudomonadales"	"Pseudomonadaceae"	"Pseudomonas"	""
"541299"	"Bacteria"	"Proteobacteria"	"Alphaproteobacteria"	"Caulobacterales"	"Caulobacteraceae"	"Phenylobacterium"	""
"1105280"	"Bacteria"	"Proteobacteria"	"Betaproteobacteria"	"Burkholderiales"	"Burkholderiaceae"	""	""
"586388"	"Bacteria"	"Proteobacteria"	"Alphaproteobacteria"	"Rhizobiales"	"Phyllobacteriaceae"	""	""
"4477117"	"Bacteria"	"Planctomycetes"	"Planctomycetia"	"B97"	""	""	""
"808319"	"Bacteria"	"Proteobacteria"	"Deltaproteobacteria"	"Myxococcales"	""	""	""
"3468909"	"Bacteria"	"Gemmatimonadetes"	"Gemmatimonadetes"	"N1423WL"	""	""	""
"221349"	"Bacteria"	"Gemmatimonadetes"	"Gemmatimonadetes"	"N1423WL"	""	""	""
"816291"	"Bacteria"	"Actinobacteria"	"Thermoleophilia"	"Gaiellales"	"Gaiellaceae"	""	""
"331647"	"Bacteria"	"Proteobacteria"	"Alphaproteobacteria"	"Rhodospirillales"	"Rhodospirillaceae"	""	""
"4434837"	"Bacteria"	"Verrucomicrobia"	"Verrucomicrobiae"	"Verrucomicrobiales"	"Verrucomicrobiaceae"	"Luteolibacter"	""
"876066"	"Bacteria"	"Actinobacteria"	"Thermoleophilia"	"Solirubrobacterales"	""	""	""
"976441"	"Bacteria"	"Bacteroidetes"	"Sphingobacteriia"	"Sphingobacteriales"	"Sphingobacteriaceae"	"Pedobacter"	""
"573135"	"Bacteria"	"Proteobacteria"	"Alphaproteobacteria"	"Rhizobiales"	"Bradyrhizobiaceae"	"Bradyrhizobium"	""
"247867"	"Bacteria"	"Planctomycetes"	"Phycisphaerae"	"WD2101"	""	""	""
"1107011"	"Bacteria"	"Verrucomicrobia"	"Spartobacteria"	"Chthoniobacterales"	"Chthoniobacteraceae"	"DA101"	""
"959372"	"Bacteria"	"Proteobacteria"	"Deltaproteobacteria"	"Syntrophobacterales"	"Syntrophobacteraceae"	""	""
"810882"	"Bacteria"	"Acidobacteria"	"Acidobacteria-6"	"iii1-15"	"mb2424"	""	""
"906820"	"Bacteria"	"Proteobacteria"	"Alphaproteobacteria"	"Rhodospirillales"	"Rhodospirillaceae"	"Skermanella"	""
"1068902"	"Bacteria"	"Actinobacteria"	"Actinobacteria"	"Actinomycetales"	"Nocardioidaceae"	"Aeromicrobium"	""
"854930"	"Bacteria"	"Bacteroidetes"	"Saprospirae"	"Saprospirales"	"Chitinophagaceae"	""	""
"205244"	"Bacteria"	"Acidobacteria"	"Acidobacteria-6"	"iii1-15"	""	""	""
"944435"	"Bacteria"	"Proteobacteria"	"Deltaproteobacteria"	"Myxococcales"	"Haliangiaceae"	""	""
"822806"	"Bacteria"	"Chloroflexi"	"Anaerolineae"	"SBR1031"	"A4b"	""	""
"17991"	"Bacteria"	"Actinobacteria"	"Actinobacteria"	"Actinomycetales"	"Micromonosporaceae"	"Actinoplanes"	""
"250148"	"Bacteria"	"Actinobacteria"	"Actinobacteria"	"Actinomycetales"	"Kineosporiaceae"	""	""
"878714"	"Bacteria"	"Bacteroidetes"	"Saprospirae"	"Saprospirales"	"Chitinophagaceae"	""	""
"562332"	"Bacteria"	"Actinobacteria"	"Acidimicrobiia"	"Acidimicrobiales"	""	""	""
"3609950"	"Bacteria"	"Acidobacteria"	"Acidobacteria-5"	""	""	""	""
"4339351"	"Bacteria"	"Bacteroidetes"	"Sphingobacteriia"	"Sphingobacteriales"	"Sphingobacteriaceae"	"Pedobacter"	""
"664216"	"Bacteria"	"Acidobacteria"	"Chloracidobacteria"	"RB41"	""	""	""
"1028953"	"Bacteria"	"Verrucomicrobia"	"Verrucomicrobiae"	"Verrucomicrobiales"	"Verrucomicrobiaceae"	"Luteolibacter"	""
"1053775"	"Bacteria"	"Proteobacteria"	"Alphaproteobacteria"	"Rhizobiales"	"Hyphomicrobiaceae"	"Devosia"	""
"4320381"	"Bacteria"	"Proteobacteria"	"Gammaproteobacteria"	"Xanthomonadales"	"Sinobacteraceae"	""	""
"968121"	"Bacteria"	"Actinobacteria"	"Actinobacteria"	"Actinomycetales"	"Nocardioidaceae"	""	""
"1105814"	"Bacteria"	"Proteobacteria"	"Alphaproteobacteria"	"Rhizobiales"	"Bradyrhizobiaceae"	"Bradyrhizobium"	""
"987899"	"Bacteria"	"Actinobacteria"	"Acidimicrobiia"	"Acidimicrobiales"	""	""	""
"535678"	"Bacteria"	"Actinobacteria"	"Actinobacteria"	"Actinomycetales"	"Streptomycetaceae"	"Amycolatopsis"	"coloradensis"
"1118109"	"Bacteria"	"Proteobacteria"	"Betaproteobacteria"	"MND1"	""	""	""
"946179"	"Bacteria"	"Actinobacteria"	"MB-A2-108"	"0319-7L14"	""	""	""
"313833"	"Bacteria"	"Proteobacteria"	"Deltaproteobacteria"	"Myxococcales"	"Haliangiaceae"	""	""
"358590"	"Bacteria"	"Gemmatimonadetes"	"Gemm-1"	""	""	""	""
"249571"	"Bacteria"	"Actinobacteria"	"Actinobacteria"	"Actinomycetales"	"Micromonosporaceae"	""	""
"1106748"	"Bacteria"	"Verrucomicrobia"	"Pedosphaerae"	"Pedosphaerales"	"OPB35"	""	""
"4476891"	"Bacteria"	"Proteobacteria"	"Alphaproteobacteria"	"Sphingomonadales"	"Erythrobacteraceae"	""	""
"541511"	"Bacteria"	"Bacteroidetes"	"Cytophagia"	"Cytophagales"	"Cytophagaceae"	""	""
"1106324"	"Bacteria"	"Proteobacteria"	"Betaproteobacteria"	"Burkholderiales"	"Comamonadaceae"	""	""
"150877"	"Bacteria"	"Proteobacteria"	"Alphaproteobacteria"	"Rhizobiales"	"Hyphomicrobiaceae"	"Rhodoplanes"	""
"1115404"	"Bacteria"	"Bacteroidetes"	"Saprospirae"	"Saprospirales"	"Saprospiraceae"	""	""
"811449"	"Bacteria"	"Proteobacteria"	"Alphaproteobacteria"	"Caulobacterales"	"Caulobacteraceae"	""	""
"350446"	"Bacteria"	"Acidobacteria"	"Solibacteres"	"Solibacterales"	"Solibacteraceae"	"Candidatus Solibacter"	""
"788268"	"Bacteria"	"Actinobacteria"	"Actinobacteria"	"Actinomycetales"	"Cellulomonadaceae"	"Cellulomonas"	""
"1110303"	"Bacteria"	"Proteobacteria"	"Gammaproteobacteria"	"Xanthomonadales"	"Sinobacteraceae"	""	""
"591683"	"Bacteria"	"Proteobacteria"	"Alphaproteobacteria"	"Rhizobiales"	"Hyphomicrobiaceae"	"Pedomicrobium"	""
"254949"	"Bacteria"	"Proteobacteria"	"Deltaproteobacteria"	"Myxococcales"	""	""	""
"216748"	"Bacteria"	"Proteobacteria"	"Alphaproteobacteria"	"Rhizobiales"	"Hyphomicrobiaceae"	"Rhodoplanes"	""
"222900"	"Bacteria"	"Proteobacteria"	"Deltaproteobacteria"	"Myxococcales"	"Polyangiaceae"	""	""
"984175"	"Bacteria"	"Actinobacteria"	"Acidimicrobiia"	"Acidimicrobiales"	""	""	""
"610753"	"Bacteria"	"Proteobacteria"	"Alphaproteobacteria"	"Rhizobiales"	"Phyllobacteriaceae"	""	""
"672471"	"Bacteria"	"Proteobacteria"	"Deltaproteobacteria"	"Syntrophobacterales"	"Syntrophobacteraceae"	""	""
"893232"	"Bacteria"	"Proteobacteria"	"Alphaproteobacteria"	"Rhodospirillales"	""	""	""
"1107128"	"Bacteria"	"Verrucomicrobia"	"Spartobacteria"	"Chthoniobacterales"	"Chthoniobacteraceae"	"DA101"	""
"791738"	"Bacteria"	"Proteobacteria"	"Betaproteobacteria"	"Burkholderiales"	"Comamonadaceae"	""	""
"551895"	"Bacteria"	"Bacteroidetes"	"Saprospirae"	"Saprospirales"	"Chitinophagaceae"	""	""
"578508"	"Bacteria"	"Verrucomicrobia"	"Spartobacteria"	"Chthoniobacterales"	"Chthoniobacteraceae"	"Candidatus Xiphinematobacter"	""
"370301"	"Bacteria"	"Proteobacteria"	"Alphaproteobacteria"	"Rhodospirillales"	"Acetobacteraceae"	"Roseomonas"	""
"173004"	"Bacteria"	"Nitrospirae"	"Nitrospira"	"Nitrospirales"	"Nitrospiraceae"	"Nitrospira"	""
"754410"	"Bacteria"	"Proteobacteria"	"Alphaproteobacteria"	"Sphingomonadales"	"Sphingomonadaceae"	""	""
"1059762"	"Bacteria"	"Proteobacteria"	"Gammaproteobacteria"	"Xanthomonadales"	"Sinobacteraceae"	""	""
"1144575"	"Bacteria"	"Proteobacteria"	"Deltaproteobacteria"	"Myxococcales"	""	""	""
"1080447"	"Bacteria"	"Acidobacteria"	"Acidobacteria-6"	"iii1-15"	""	""	""
"3276016"	"Bacteria"	"Planctomycetes"	"Planctomycetia"	"Gemmatales"	"Gemmataceae"	""	""
"141365"	"Bacteria"	"Proteobacteria"	"Gammaproteobacteria"	"Pseudomonadales"	"Pseudomonadaceae"	""	""
"2259380"	"Bacteria"	"Bacteroidetes"	"Sphingobacteriia"	"Sphingobacteriales"	""	""	""
"994823"	"Bacteria"	"Actinobacteria"	"Thermoleophilia"	"Solirubrobacterales"	"Patulibacteraceae"	""	""
"865520"	"Bacteria"	"Bacteroidetes"	"Saprospirae"	"Saprospirales"	"Chitinophagaceae"	""	""
"538315"	"Bacteria"	"Actinobacteria"	"Actinobacteria"	"Actinomycetales"	"Pseudonocardiaceae"	"Pseudonocardia"	""
"102024"	"Bacteria"	"Verrucomicrobia"	"Pedosphaerae"	"Pedosphaerales"	"Ellin515"	""	""
"676066"	"Bacteria"	"Proteobacteria"	"Alphaproteobacteria"	"Rhizobiales"	"Bradyrhizobiaceae"	"Bradyrhizobium"	""
"559780"	"Bacteria"	"Proteobacteria"	"Gammaproteobacteria"	"Xanthomonadales"	"Sinobacteraceae"	""	""
"249773"	"Bacteria"	"Actinobacteria"	"Thermoleophilia"	"Gaiellales"	"Gaiellaceae"	""	""
"209233"	"Bacteria"	"Bacteroidetes"	"Saprospirae"	"Saprospirales"	"Chitinophagaceae"	""	""
"1071316"	"Bacteria"	"Bacteroidetes"	"Saprospirae"	"Saprospirales"	"Chitinophagaceae"	"Flavisolibacter"	""
"709971"	"Bacteria"	"Proteobacteria"	"Alphaproteobacteria"	"Rhizobiales"	"Bradyrhizobiaceae"	"Pseudomonas"	"carboxydohydrogena"
"356083"	"Bacteria"	"Acidobacteria"	"Solibacteres"	"Solibacterales"	""	""	""
"879040"	"Bacteria"	"Proteobacteria"	"Alphaproteobacteria"	"Sphingomonadales"	"Sphingomonadaceae"	"Kaistobacter"	""
"210344"	"Bacteria"	"Proteobacteria"	"Alphaproteobacteria"	"Rhizobiales"	"Hyphomicrobiaceae"	"Pedomicrobium"	""
"4350559"	"Bacteria"	"Gemmatimonadetes"	"Gemm-1"	""	""	""	""
"1069213"	"Bacteria"	"Bacteroidetes"	"Saprospirae"	"Saprospirales"	"Chitinophagaceae"	""	""
"624858"	"Bacteria"	"Acidobacteria"	"Chloracidobacteria"	"11-24"	""	""	""
"4369011"	"Bacteria"	"Verrucomicrobia"	"Pedosphaerae"	"Pedosphaerales"	""	""	""
"654742"	"Bacteria"	"Proteobacteria"	"Alphaproteobacteria"	"Sphingomonadales"	"Sphingomonadaceae"	"Kaistobacter"	""
"367995"	"Bacteria"	"Proteobacteria"	"Alphaproteobacteria"	"Sphingomonadales"	"Sphingomonadaceae"	"Kaistobacter"	""
"833645"	"Bacteria"	"Firmicutes"	"Bacilli"	"Bacillales"	""	""	""
"800292"	"Bacteria"	"Proteobacteria"	"Alphaproteobacteria"	"Rhizobiales"	""	""	""
"217929"	"Bacteria"	"Verrucomicrobia"	"Pedosphaerae"	"Pedosphaerales"	""	""	""
"592301"	"Bacteria"	"Proteobacteria"	"Betaproteobacteria"	"Burkholderiales"	"Comamonadaceae"	""	""
"922761"	"Bacteria"	"Proteobacteria"	"Gammaproteobacteria"	"Enterobacteriales"	"Enterobacteriaceae"	"Erwinia"	""
"810700"	"Bacteria"	"Proteobacteria"	"Alphaproteobacteria"	"Rhodospirillales"	"Rhodospirillaceae"	""	""
"1111883"	"Bacteria"	"Gemmatimonadetes"	"Gemm-1"	""	""	""	""
"814282"	"Bacteria"	"Proteobacteria"	"Alphaproteobacteria"	"Sphingomonadales"	"Erythrobacteraceae"	""	""
"588861"	"Bacteria"	"Chloroflexi"	"Chloroflexi"	"Roseiflexales"	"Kouleothrixaceae"	""	""
"225453"	"Bacteria"	"Proteobacteria"	"Gammaproteobacteria"	"Alteromonadales"	"Alteromonadaceae"	"Cellvibrio"	""
"993474"	"Bacteria"	"Actinobacteria"	"Actinobacteria"	"Actinomycetales"	"Pseudonocardiaceae"	"Pseudonocardia"	""
"969805"	"Bacteria"	"Proteobacteria"	"Alphaproteobacteria"	"Rhizobiales"	"Rhizobiaceae"	"Agrobacterium"	""
"662808"	"Bacteria"	"Firmicutes"	"Bacilli"	"Bacillales"	"Paenibacillaceae"	"Paenibacillus"	"chondroitinus"
"920852"	"Bacteria"	"Actinobacteria"	"Actinobacteria"	"Actinomycetales"	"Streptomycetaceae"	"Streptomyces"	"mirabilis"
"223441"	"Bacteria"	"Actinobacteria"	"Acidimicrobiia"	"Acidimicrobiales"	""	""	""
"4358255"	"Bacteria"	"Proteobacteria"	"Deltaproteobacteria"	"Myxococcales"	""	""	""
"812809"	"Bacteria"	"Acidobacteria"	"Acidobacteria-5"	""	""	""	""
"513073"	"Bacteria"	"Proteobacteria"	"Alphaproteobacteria"	"Rhizobiales"	"Hyphomicrobiaceae"	"Hyphomicrobium"	""
"1024056"	"Bacteria"	"Proteobacteria"	"Alphaproteobacteria"	"Rhodospirillales"	"Rhodospirillaceae"	""	""
"564004"	"Bacteria"	"Proteobacteria"	"Alphaproteobacteria"	"Rhodospirillales"	"Rhodospirillaceae"	""	""
"223764"	"Bacteria"	"Actinobacteria"	"Thermoleophilia"	"Solirubrobacterales"	""	""	""
"552186"	"Bacteria"	"Verrucomicrobia"	"Pedosphaerae"	"Pedosphaerales"	""	""	""
"208595"	"Bacteria"	"Bacteroidetes"	"Saprospirae"	"Saprospirales"	"Saprospiraceae"	""	""
"587313"	"Bacteria"	"Acidobacteria"	"Acidobacteria-6"	"iii1-15"	""	""	""
"850135"	"Bacteria"	"Proteobacteria"	"Betaproteobacteria"	"Burkholderiales"	"Comamonadaceae"	""	""
"510204"	"Bacteria"	"Actinobacteria"	"Actinobacteria"	"Actinomycetales"	"Streptomycetaceae"	"Streptomyces"	"exfoliatus"
"48487"	"Bacteria"	"Proteobacteria"	"Deltaproteobacteria"	"Myxococcales"	""	""	""
"284171"	"Bacteria"	"Chloroflexi"	"Ellin6529"	""	""	""	""
"940828"	"Bacteria"	"Actinobacteria"	"Actinobacteria"	"Actinomycetales"	"Micromonosporaceae"	""	""
"1096572"	"Bacteria"	"Actinobacteria"	"Thermoleophilia"	"Gaiellales"	"Gaiellaceae"	""	""
"142247"	"Bacteria"	"Bacteroidetes"	"Cytophagia"	"Cytophagales"	"Cytophagaceae"	""	""
"358664"	"Bacteria"	"Verrucomicrobia"	"Spartobacteria"	"Chthoniobacterales"	"Chthoniobacteraceae"	""	""
"575688"	"Bacteria"	"Bacteroidetes"	"Sphingobacteriia"	"Sphingobacteriales"	"Sphingobacteriaceae"	"Pedobacter"	""
"580625"	"Bacteria"	"Proteobacteria"	"Alphaproteobacteria"	"Rhizobiales"	"Bradyrhizobiaceae"	""	""
"1116937"	"Bacteria"	"Verrucomicrobia"	"Pedosphaerae"	"Pedosphaerales"	""	""	""
"1104437"	"Bacteria"	"Bacteroidetes"	"Saprospirae"	"Saprospirales"	"Saprospiraceae"	""	""
"918840"	"Bacteria"	"Actinobacteria"	"Actinobacteria"	"Actinomycetales"	"Pseudonocardiaceae"	"Pseudonocardia"	""
"929699"	"Bacteria"	"Verrucomicrobia"	"Spartobacteria"	"Chthoniobacterales"	"Chthoniobacteraceae"	"DA101"	""
"562922"	"Bacteria"	"Chloroflexi"	"Gitt-GS-136"	""	""	""	""
"591340"	"Bacteria"	"Proteobacteria"	"Betaproteobacteria"	"Ellin6067"	""	""	""
"828127"	"Bacteria"	"Proteobacteria"	"Deltaproteobacteria"	"NB1-j"	"NB1-i"	""	""
"1104733"	"Bacteria"	"Proteobacteria"	"Betaproteobacteria"	"Burkholderiales"	"Comamonadaceae"	""	""
"207082"	"Bacteria"	"Proteobacteria"	"Betaproteobacteria"	"Ellin6067"	""	""	""
"20428"	"Bacteria"	"Bacteroidetes"	"Cytophagia"	"Cytophagales"	"Cytophagaceae"	""	""
"512148"	"Bacteria"	"Actinobacteria"	"Thermoleophilia"	"Solirubrobacterales"	""	""	""
"545548"	"Bacteria"	"Chloroflexi"	"Chloroflexi"	"Roseiflexales"	"Kouleothrixaceae"	""	""
"562604"	"Bacteria"	"Proteobacteria"	"Deltaproteobacteria"	"Entotheonellales"	"Entotheonellaceae"	""	""
"279206"	"Bacteria"	"Proteobacteria"	"Deltaproteobacteria"	"Myxococcales"	"Haliangiaceae"	""	""
"646549"	"Bacteria"	"Proteobacteria"	"Gammaproteobacteria"	"Pseudomonadales"	"Pseudomonadaceae"	"Pseudomonas"	""
"4379833"	"Bacteria"	"Bacteroidetes"	"Cytophagia"	"Cytophagales"	"Cytophagaceae"	""	""
"810167"	"Bacteria"	"Proteobacteria"	"Betaproteobacteria"	"Burkholderiales"	"Comamonadaceae"	"Methylibium"	""
"3319380"	"Bacteria"	"Actinobacteria"	"Actinobacteria"	"Actinomycetales"	"Nocardioidaceae"	""	""
"225894"	"Bacteria"	"Verrucomicrobia"	"Pedosphaerae"	"Pedosphaerales"	"Ellin517"	""	""
"1107346"	"Bacteria"	"Acidobacteria"	"Chloracidobacteria"	"RB41"	""	""	""
"1042519"	"Bacteria"	"Bacteroidetes"	"Cytophagia"	"Cytophagales"	"Cytophagaceae"	""	""
"547148"	"Bacteria"	"Gemmatimonadetes"	"Gemm-1"	""	""	""	""
"541741"	"Bacteria"	"Acidobacteria"	"Acidobacteria-6"	"iii1-15"	""	""	""
"854050"	"Bacteria"	"Firmicutes"	"Bacilli"	"Bacillales"	"Bacillaceae"	"Bacillus"	"muralis"
"1093690"	"Bacteria"	"Verrucomicrobia"	"Pedosphaerae"	"Pedosphaerales"	"Ellin517"	""	""
"358785"	"Bacteria"	"Proteobacteria"	"Alphaproteobacteria"	"Rhizobiales"	"Hyphomicrobiaceae"	"Rhodoplanes"	""
"820086"	"Bacteria"	"Proteobacteria"	"Alphaproteobacteria"	"Sphingomonadales"	"Sphingomonadaceae"	""	""
"4321627"	"Bacteria"	"Proteobacteria"	"Deltaproteobacteria"	"Myxococcales"	""	""	""
"261663"	"Bacteria"	"Chloroflexi"	"TK10"	"AKYG885"	"Dolo_23"	""	""
"223126"	"Bacteria"	"Bacteroidetes"	"Sphingobacteriia"	"Sphingobacteriales"	""	""	""
"808919"	"Bacteria"	"Proteobacteria"	"Deltaproteobacteria"	"Myxococcales"	"Polyangiaceae"	"Aetherobacter"	"fasciculatus"
"591157"	"Bacteria"	"Proteobacteria"	"Betaproteobacteria"	""	""	""	""
"693971"	"Bacteria"	"Acidobacteria"	"Solibacteres"	"Solibacterales"	""	""	""
"940737"	"Bacteria"	"Proteobacteria"	"Betaproteobacteria"	"Burkholderiales"	"Comamonadaceae"	"Aquincola"	"tertiaricarbonis"
"103869"	"Bacteria"	"Gemmatimonadetes"	"Gemmatimonadetes"	"N1423WL"	""	""	""
"410072"	"Bacteria"	"Actinobacteria"	"Acidimicrobiia"	"Acidimicrobiales"	""	""	""
"545247"	"Bacteria"	"Proteobacteria"	"Alphaproteobacteria"	"Rhizobiales"	"Hyphomicrobiaceae"	"Rhodoplanes"	""
"1020921"	"Bacteria"	"Bacteroidetes"	"Flavobacteriia"	"Flavobacteriales"	"Flavobacteriaceae"	"Flavobacterium"	"succinicans"
"1069076"	"Bacteria"	"Bacteroidetes"	"Cytophagia"	"Cytophagales"	"Cytophagaceae"	"Adhaeribacter"	""
"822419"	"Bacteria"	"Proteobacteria"	"Betaproteobacteria"	"Burkholderiales"	"Oxalobacteraceae"	""	""
"519739"	"Bacteria"	"Planctomycetes"	"Planctomycetia"	"Pirellulales"	"Pirellulaceae"	"A17"	""
"512542"	"Bacteria"	"Proteobacteria"	"Betaproteobacteria"	""	""	""	""
"564241"	"Bacteria"	"Acidobacteria"	"Acidobacteria-6"	"iii1-15"	"RB40"	""	""
"521158"	"Bacteria"	"Planctomycetes"	"Planctomycetia"	"Planctomycetales"	"Planctomycetaceae"	"Planctomyces"	""
"1084045"	"Bacteria"	"Firmicutes"	"Bacilli"	"Bacillales"	"Planococcaceae"	"Lysinibacillus"	""
"592129"	"Bacteria"	"Verrucomicrobia"	"Opitutae"	"Opitutales"	"Opitutaceae"	"Opitutus"	""
"246466"	"Bacteria"	"Acidobacteria"	"Acidobacteria-6"	"iii1-15"	""	""	""
"930055"	"Bacteria"	"Proteobacteria"	"Gammaproteobacteria"	"Xanthomonadales"	"Sinobacteraceae"	""	""
"510591"	"Bacteria"	"Bacteroidetes"	"Saprospirae"	"Saprospirales"	"Chitinophagaceae"	""	""
"46818"	"Bacteria"	"Proteobacteria"	"Alphaproteobacteria"	"Caulobacterales"	"Caulobacteraceae"	"Phenylobacterium"	""
"931593"	"Bacteria"	"Actinobacteria"	"Actinobacteria"	"Actinomycetales"	"Micromonosporaceae"	"Pilimelia"	""
"1108960"	"Bacteria"	"Proteobacteria"	"Alphaproteobacteria"	"Sphingomonadales"	"Sphingomonadaceae"	"Sphingomonas"	""
"142373"	"Archaea"	"Crenarchaeota"	"Thaumarchaeota"	"Nitrososphaerales"	"Nitrososphaeraceae"	"Candidatus Nitrososphaera"	"SCA1170"
"726736"	"Bacteria"	"Proteobacteria"	"Deltaproteobacteria"	"Myxococcales"	"Haliangiaceae"	""	""
"751555"	"Bacteria"	"Proteobacteria"	"Alphaproteobacteria"	"Rhodospirillales"	"Rhodospirillaceae"	""	""
"547806"	"Bacteria"	"Actinobacteria"	"Actinobacteria"	"Actinomycetales"	"Actinosynnemataceae"	"Lentzea"	"albidocapillata"
"755077"	"Bacteria"	"Acidobacteria"	"Acidobacteria-5"	""	""	""	""
"697989"	"Bacteria"	"Acidobacteria"	"Chloracidobacteria"	"RB41"	""	""	""
"989109"	"Bacteria"	"Proteobacteria"	"Alphaproteobacteria"	"Sphingomonadales"	"Sphingomonadaceae"	"Kaistobacter"	""
"4348098"	"Bacteria"	"Verrucomicrobia"	"Verrucomicrobiae"	"Verrucomicrobiales"	"Verrucomicrobiaceae"	""	""
"585878"	"Bacteria"	"WS3"	"PRR-12"	"Sediment-1"	""	""	""
"236583"	"Bacteria"	"Actinobacteria"	"Thermoleophilia"	"Solirubrobacterales"	""	""	""
"1008533"	"Bacteria"	"Bacteroidetes"	"Cytophagia"	"Cytophagales"	"Cytophagaceae"	""	""
"144633"	"Bacteria"	"Chloroflexi"	"Anaerolineae"	"H39"	""	""	""
"718335"	"Bacteria"	"Actinobacteria"	"Acidimicrobiia"	"Acidimicrobiales"	"C111"	""	""
"4318356"	"Bacteria"	"Verrucomicrobia"	"Spartobacteria"	"Chthoniobacterales"	"Chthoniobacteraceae"	""	""
"353494"	"Bacteria"	"Bacteroidetes"	"Saprospirae"	"Saprospirales"	"Chitinophagaceae"	"Niastella"	""
"584331"	"Bacteria"	"Actinobacteria"	"Actinobacteria"	"Actinomycetales"	"Streptomycetaceae"	"Streptomyces"	""
"532125"	"Bacteria"	"Chloroflexi"	"Anaerolineae"	"Caldilineales"	"Caldilineaceae"	""	""
"128177"	"Bacteria"	"Chloroflexi"	"Ellin6529"	""	""	""	""
"1106130"	"Bacteria"	"Actinobacteria"	"Actinobacteria"	"Actinomycetales"	"Streptomycetaceae"	""	""
"864304"	"Bacteria"	"Actinobacteria"	"Thermoleophilia"	"Solirubrobacterales"	""	""	""
"647472"	"Bacteria"	"Acidobacteria"	"Acidobacteria-6"	"iii1-15"	""	""	""
"576059"	"Bacteria"	"Acidobacteria"	"Solibacteres"	"Solibacterales"	"Solibacteraceae"	"Candidatus Solibacter"	""
"1051459"	"Bacteria"	"Proteobacteria"	"Betaproteobacteria"	"Burkholderiales"	"Comamonadaceae"	""	""
"494339"	"Bacteria"	"Proteobacteria"	"Alphaproteobacteria"	"Sphingomonadales"	"Sphingomonadaceae"	"Sphingomonas"	"wittichii"
"13332"	"Bacteria"	"Actinobacteria"	"Actinobacteria"	"Actinomycetales"	"Williamsiaceae"	"Williamsia"	""
"802011"	"Bacteria"	"Proteobacteria"	"Betaproteobacteria"	"Methylophilales"	"Methylophilaceae"	""	""
"1021984"	"Bacteria"	"Proteobacteria"	"Deltaproteobacteria"	"Myxococcales"	""	""	""
"509899"	"Bacteria"	"Acidobacteria"	"iii1-8"	"DS-18"	""	""	""
"996116"	"Bacteria"	"Actinobacteria"	"Actinobacteria"	"Actinomycetales"	"Nocardioidaceae"	""	""
"336745"	"Bacteria"	"Proteobacteria"	"Deltaproteobacteria"	"Myxococcales"	""	""	""
"552687"	"Bacteria"	"Proteobacteria"	"Alphaproteobacteria"	"Sphingomonadales"	"Sphingomonadaceae"	"Sphingomonas"	"wittichii"
"358068"	"Bacteria"	"Proteobacteria"	"Betaproteobacteria"	"Burkholderiales"	"Comamonadaceae"	"Methylibium"	""
"220353"	"Bacteria"	"Chloroflexi"	"Chloroflexi"	"Roseiflexales"	"Kouleothrixaceae"	""	""
"591747"	"Bacteria"	"Actinobacteria"	"Thermoleophilia"	"Gaiellales"	"Gaiellaceae"	""	""
"314599"	"Bacteria"	"Gemmatimonadetes"	"Gemm-1"	""	""	""	""
"876519"	"Bacteria"	"Proteobacteria"	"Alphaproteobacteria"	"Rhizobiales"	"Hyphomicrobiaceae"	""	""
"699318"	"Bacteria"	"Proteobacteria"	"Alphaproteobacteria"	"Sphingomonadales"	"Sphingomonadaceae"	""	""
"361264"	"Bacteria"	"Acidobacteria"	"Acidobacteria-6"	"iii1-15"	""	""	""
"1106471"	"Bacteria"	"Actinobacteria"	"Actinobacteria"	"Actinomycetales"	"Nocardioidaceae"	""	""
"58633"	"Bacteria"	"Bacteroidetes"	"Saprospirae"	"Saprospirales"	"Chitinophagaceae"	"Chitinophaga"	""
"1015227"	"Bacteria"	"Actinobacteria"	"Actinobacteria"	"Actinomycetales"	"Nocardioidaceae"	""	""
"142233"	"Bacteria"	"Verrucomicrobia"	"Opitutae"	"Opitutales"	"Opitutaceae"	"Opitutus"	""
"811424"	"Bacteria"	"Verrucomicrobia"	"Opitutae"	"Opitutales"	"Opitutaceae"	""	""
"273690"	"Bacteria"	"Planctomycetes"	"Planctomycetia"	"Pirellulales"	"Pirellulaceae"	""	""
"551344"	"Bacteria"	"Actinobacteria"	"Thermoleophilia"	"Gaiellales"	"Gaiellaceae"	""	""
"859157"	"Bacteria"	"Actinobacteria"	"Acidimicrobiia"	"Acidimicrobiales"	"C111"	""	""
"538111"	"Bacteria"	"Actinobacteria"	"Actinobacteria"	"Actinomycetales"	"Intrasporangiaceae"	""	""
"790384"	"Bacteria"	"Actinobacteria"	"Actinobacteria"	"Actinomycetales"	"Microbacteriaceae"	""	""
"252274"	"Bacteria"	"Proteobacteria"	"Alphaproteobacteria"	"Rhizobiales"	""	""	""
"213308"	"Bacteria"	"Chloroflexi"	"Thermomicrobia"	"JG30-KF-CM45"	""	""	""
"570595"	"Bacteria"	"Acidobacteria"	"Solibacteres"	"Solibacterales"	""	""	""
"2068089"	"Bacteria"	"Acidobacteria"	"Acidobacteria-6"	"CCU21"	""	""	""
"1142871"	"Bacteria"	"Actinobacteria"	"MB-A2-108"	"0319-7L14"	""	""	""
"719367"	"Bacteria"	"Proteobacteria"	"Betaproteobacteria"	"Burkholderiales"	"Comamonadaceae"	""	""
"859313"	"Bacteria"	"Actinobacteria"	"Acidimicrobiia"	"Acidimicrobiales"	"C111"	""	""
"238280"	"Bacteria"	"Actinobacteria"	"Thermoleophilia"	"Solirubrobacterales"	""	""	""
"553648"	"Bacteria"	"Proteobacteria"	"Gammaproteobacteria"	"Pseudomonadales"	"Pseudomonadaceae"	"Pseudomonas"	""
"1087325"	"Bacteria"	"Actinobacteria"	"Actinobacteria"	"Actinomycetales"	"Streptomycetaceae"	""	""
"583489"	"Bacteria"	"Proteobacteria"	"Betaproteobacteria"	""	""	""	""
"837424"	"Bacteria"	"Proteobacteria"	"Alphaproteobacteria"	"Rhodobacterales"	"Hyphomonadaceae"	""	""
"1052559"	"Bacteria"	"Proteobacteria"	"Alphaproteobacteria"	"Sphingomonadales"	"Sphingomonadaceae"	""	""
"657034"	"Bacteria"	"Acidobacteria"	"Acidobacteria-6"	"iii1-15"	""	""	""
"216643"	"Bacteria"	"Proteobacteria"	"Betaproteobacteria"	"SC-I-84"	""	""	""
"698517"	"Bacteria"	"Proteobacteria"	"Betaproteobacteria"	"Ellin6067"	""	""	""
"1056070"	"Bacteria"	"Proteobacteria"	"Alphaproteobacteria"	"Rhizobiales"	"Hyphomicrobiaceae"	"Hyphomicrobium"	"zavarzinii"
"553562"	"Bacteria"	"Verrucomicrobia"	"Spartobacteria"	"Chthoniobacterales"	"Chthoniobacteraceae"	""	""
"824723"	"Bacteria"	"Actinobacteria"	"Actinobacteria"	"Actinomycetales"	"Micrococcaceae"	"Arthrobacter"	"nitroguajacolicus"
"252345"	"Bacteria"	"Proteobacteria"	"Gammaproteobacteria"	"Xanthomonadales"	"Xanthomonadaceae"	""	""
"998905"	"Bacteria"	"Proteobacteria"	"Alphaproteobacteria"	"Caulobacterales"	"Caulobacteraceae"	"Mycoplana"	""
"571484"	"Bacteria"	"Proteobacteria"	"Betaproteobacteria"	"Methylophilales"	"Methylophilaceae"	""	""
"4339223"	"Bacteria"	"Acidobacteria"	"Acidobacteria-5"	""	""	""	""
"408093"	"Bacteria"	"Actinobacteria"	"Actinobacteria"	"Actinomycetales"	"Micromonosporaceae"	"Dactylosporangium"	""
"562438"	"Bacteria"	"Acidobacteria"	"Acidobacteria-6"	"iii1-15"	""	""	""
"806201"	"Bacteria"	"Proteobacteria"	"Alphaproteobacteria"	"Rhizobiales"	"Phyllobacteriaceae"	"Mesorhizobium"	""
"594040"	"Bacteria"	"Bacteroidetes"	"Saprospirae"	"Saprospirales"	"Chitinophagaceae"	"Flavisolibacter"	""
"589597"	"Bacteria"	"Proteobacteria"	"Gammaproteobacteria"	"Pseudomonadales"	"Pseudomonadaceae"	"Pseudomonas"	"viridiflava"
"837069"	"Bacteria"	"Actinobacteria"	"Actinobacteria"	"Actinomycetales"	"Streptomycetaceae"	"Streptomyces"	""
"136998"	"Bacteria"	"Verrucomicrobia"	"Opitutae"	"Opitutales"	"Opitutaceae"	"Opitutus"	""
"1016118"	"Bacteria"	"Proteobacteria"	"Deltaproteobacteria"	"Myxococcales"	""	""	""
"833957"	"Bacteria"	"Chloroflexi"	"Ellin6529"	""	""	""	""
"160311"	"Bacteria"	"Actinobacteria"	"Thermoleophilia"	"Gaiellales"	"Gaiellaceae"	""	""
"4308759"	"Bacteria"	"Proteobacteria"	"Deltaproteobacteria"	"Syntrophobacterales"	"Syntrophobacteraceae"	""	""
"938039"	"Bacteria"	"Bacteroidetes"	"Saprospirae"	"Saprospirales"	"Chitinophagaceae"	""	""
"4402996"	"Bacteria"	"Acidobacteria"	"RB25"	""	""	""	""
"952203"	"Bacteria"	"Proteobacteria"	"Betaproteobacteria"	"Burkholderiales"	"Oxalobacteraceae"	""	""
"345333"	"Bacteria"	"Proteobacteria"	"Alphaproteobacteria"	"Rhizobiales"	"Phyllobacteriaceae"	"Phyllobacterium"	""
"537655"	"Bacteria"	"Nitrospirae"	"Nitrospira"	"Nitrospirales"	"Nitrospiraceae"	"Nitrospira"	""
"758928"	"Bacteria"	"Bacteroidetes"	"Saprospirae"	"Saprospirales"	"Saprospiraceae"	""	""
"331521"	"Bacteria"	"Nitrospirae"	"Nitrospira"	"Nitrospirales"	"0319-6A21"	""	""
"248505"	"Bacteria"	"Proteobacteria"	"Alphaproteobacteria"	"Rhizobiales"	"Hyphomicrobiaceae"	"Rhodoplanes"	""
"687206"	"Bacteria"	"Acidobacteria"	"Chloracidobacteria"	"RB41"	"Ellin6075"	""	""
"358489"	"Bacteria"	"Acidobacteria"	"Acidobacteria-6"	"iii1-15"	"mb2424"	""	""
"219282"	"Bacteria"	"Proteobacteria"	"Betaproteobacteria"	"Ellin6067"	""	""	""
"217917"	"Bacteria"	"Chloroflexi"	"Chloroflexi"	"Roseiflexales"	"Kouleothrixaceae"	""	""
"250522"	"Bacteria"	"Proteobacteria"	"Alphaproteobacteria"	""	""	""	""
"3809681"	"Bacteria"	"Proteobacteria"	"Deltaproteobacteria"	"Myxococcales"	""	""	""
"635391"	"Bacteria"	"Bacteroidetes"	"Sphingobacteriia"	"Sphingobacteriales"	"Sphingobacteriaceae"	""	""
"1044581"	"Bacteria"	"Actinobacteria"	"Thermoleophilia"	"Solirubrobacterales"	""	""	""
"1072673"	"Bacteria"	"Bacteroidetes"	"Flavobacteriia"	"Flavobacteriales"	"Flavobacteriaceae"	"Flavobacterium"	""
"2063454"	"Bacteria"	"Bacteroidetes"	"Cytophagia"	"Cytophagales"	"Cytophagaceae"	""	""
"336057"	"Bacteria"	"Bacteroidetes"	"Sphingobacteriia"	"Sphingobacteriales"	""	""	""
"551647"	"Bacteria"	"Bacteroidetes"	"Saprospirae"	"Saprospirales"	"Chitinophagaceae"	""	""
"822874"	"Bacteria"	"Proteobacteria"	"Alphaproteobacteria"	"Rhizobiales"	"Hyphomicrobiaceae"	""	""
"311035"	"Bacteria"	"Actinobacteria"	"Thermoleophilia"	"Gaiellales"	"Gaiellaceae"	""	""
"819037"	"Bacteria"	"Proteobacteria"	"Betaproteobacteria"	"Burkholderiales"	"Comamonadaceae"	"Variovorax"	"paradoxus"
"268617"	"Bacteria"	"Bacteroidetes"	"Saprospirae"	"Saprospirales"	"Chitinophagaceae"	""	""
"895220"	"Bacteria"	"Proteobacteria"	"Betaproteobacteria"	"Burkholderiales"	"Comamonadaceae"	"Ramlibacter"	""
"751138"	"Bacteria"	"Proteobacteria"	"Gammaproteobacteria"	"Xanthomonadales"	"Xanthomonadaceae"	"Lysobacter"	""
"987696"	"Bacteria"	"Bacteroidetes"	"Sphingobacteriia"	"Sphingobacteriales"	"Sphingobacteriaceae"	"Pedobacter"	""
"209762"	"Bacteria"	"Proteobacteria"	"Alphaproteobacteria"	"Caulobacterales"	"Caulobacteraceae"	"Phenylobacterium"	""
"4302554"	"Bacteria"	"Actinobacteria"	"Thermoleophilia"	"Gaiellales"	"Gaiellaceae"	""	""
"813885"	"Bacteria"	"Proteobacteria"	"Betaproteobacteria"	"MND1"	""	""	""
"1108483"	"Bacteria"	"Proteobacteria"	"Betaproteobacteria"	""	""	""	""
"207355"	"Bacteria"	"Chloroflexi"	"Anaerolineae"	"SBR1031"	"A4b"	""	""
"93175"	"Bacteria"	"Actinobacteria"	"Acidimicrobiia"	"Acidimicrobiales"	"Iamiaceae"	"Iamia"	""
"759916"	"Bacteria"	"Proteobacteria"	"Betaproteobacteria"	"Burkholderiales"	"Oxalobacteraceae"	""	""
"142384"	"Bacteria"	"Proteobacteria"	"Betaproteobacteria"	"A21b"	"UD5"	""	""
"1015017"	"Bacteria"	"Proteobacteria"	"Deltaproteobacteria"	"Myxococcales"	"Nannocystaceae"	"Nannocystis"	"exedens"
"561885"	"Bacteria"	"Proteobacteria"	"Alphaproteobacteria"	"Rhizobiales"	"Rhizobiaceae"	"Agrobacterium"	""
"891898"	"Bacteria"	"Planctomycetes"	"Planctomycetia"	"Pirellulales"	"Pirellulaceae"	"Pirellula"	""
"4469039"	"Bacteria"	"Planctomycetes"	"Planctomycetia"	"Pirellulales"	"Pirellulaceae"	""	""
"957360"	"Bacteria"	"Actinobacteria"	"Thermoleophilia"	"Gaiellales"	"Gaiellaceae"	""	""
"824826"	"Bacteria"	"Proteobacteria"	"Alphaproteobacteria"	""	""	""	""
"354765"	"Bacteria"	"Actinobacteria"	"Actinobacteria"	"Actinomycetales"	"Micromonosporaceae"	"Verrucosispora"	"gifhornensis"
"1812611"	"Bacteria"	"Bacteroidetes"	"Saprospirae"	"Saprospirales"	"Chitinophagaceae"	""	""
"248395"	"Bacteria"	"Proteobacteria"	"Alphaproteobacteria"	"Caulobacterales"	"Caulobacteraceae"	"Caulobacter"	""
"729145"	"Bacteria"	"Acidobacteria"	"Solibacteres"	"Solibacterales"	"Solibacteraceae"	"Candidatus Solibacter"	""
"717396"	"Bacteria"	"Acidobacteria"	"Acidobacteria-6"	"iii1-15"	""	""	""
"942852"	"Bacteria"	"Proteobacteria"	"Betaproteobacteria"	"Burkholderiales"	"Comamonadaceae"	"Aquabacterium"	""
"968261"	"Bacteria"	"Actinobacteria"	"Thermoleophilia"	"Solirubrobacterales"	""	""	""
"1052235"	"Bacteria"	"Proteobacteria"	"Deltaproteobacteria"	"Myxococcales"	"Haliangiaceae"	""	""
"673712"	"Bacteria"	"Acidobacteria"	"RB25"	""	""	""	""
"763448"	"Bacteria"	"Acidobacteria"	"Acidobacteria-6"	"iii1-15"	""	""	""
"555384"	"Bacteria"	"Actinobacteria"	"Actinobacteria"	"Actinomycetales"	"Streptosporangiaceae"	"Nonomuraea"	""
"1110625"	"Bacteria"	"Actinobacteria"	"Thermoleophilia"	"Solirubrobacterales"	""	""	""
"2834426"	"Bacteria"	"Acidobacteria"	"iii1-8"	"DS-18"	""	""	""
"974121"	"Bacteria"	"Proteobacteria"	"Gammaproteobacteria"	"Pseudomonadales"	"Pseudomonadaceae"	"Pseudomonas"	""
"1060474"	"Bacteria"	"Actinobacteria"	"Actinobacteria"	"Actinomycetales"	""	""	""
"297615"	"Bacteria"	"Actinobacteria"	"Acidimicrobiia"	"Acidimicrobiales"	"EB1017"	""	""
"1106617"	"Bacteria"	"Proteobacteria"	"Betaproteobacteria"	"Burkholderiales"	"Comamonadaceae"	""	""
"571700"	"Bacteria"	"Chloroflexi"	"S085"	""	""	""	""
"332557"	"Bacteria"	"Proteobacteria"	"Gammaproteobacteria"	"Pseudomonadales"	"Pseudomonadaceae"	""	""
"536008"	"Bacteria"	"Proteobacteria"	"Gammaproteobacteria"	"Xanthomonadales"	"Xanthomonadaceae"	""	""
"1087471"	"Bacteria"	"Bacteroidetes"	"Sphingobacteriia"	"Sphingobacteriales"	""	""	""
"2324042"	"Bacteria"	"Proteobacteria"	"Alphaproteobacteria"	"Sphingomonadales"	"Sphingomonadaceae"	""	""
"361372"	"Bacteria"	"Bacteroidetes"	"Cytophagia"	"Cytophagales"	""	""	""
"1074016"	"Bacteria"	"Proteobacteria"	"Betaproteobacteria"	"Burkholderiales"	"Oxalobacteraceae"	""	""
"112867"	"Bacteria"	"Chloroflexi"	"Ellin6529"	""	""	""	""
"4322410"	"Bacteria"	"Proteobacteria"	"Alphaproteobacteria"	"Rhodospirillales"	"Rhodospirillaceae"	"Skermanella"	""
"338196"	"Bacteria"	"Acidobacteria"	"Acidobacteria-6"	"iii1-15"	""	""	""
"511074"	"Bacteria"	"Acidobacteria"	"Solibacteres"	"Solibacterales"	""	""	""
"237257"	"Bacteria"	"Chloroflexi"	"Anaerolineae"	"envOPS12"	""	""	""
"624312"	"Bacteria"	"Verrucomicrobia"	"Spartobacteria"	"Chthoniobacterales"	"Chthoniobacteraceae"	""	""
"2818167"	"Bacteria"	"Proteobacteria"	"Gammaproteobacteria"	"Xanthomonadales"	"Xanthomonadaceae"	""	""
"539978"	"Bacteria"	"Actinobacteria"	"Thermoleophilia"	"Gaiellales"	"Gaiellaceae"	""	""
"851113"	"Bacteria"	"Bacteroidetes"	"Sphingobacteriia"	"Sphingobacteriales"	"Sphingobacteriaceae"	""	""
"4317750"	"Bacteria"	"Proteobacteria"	"Deltaproteobacteria"	"Myxococcales"	"Haliangiaceae"	""	""
"220524"	"Bacteria"	"Actinobacteria"	"Actinobacteria"	"Actinomycetales"	"Nakamurellaceae"	""	""
"1107637"	"Bacteria"	"Proteobacteria"	"Deltaproteobacteria"	"Syntrophobacterales"	"Syntrophobacteraceae"	""	""
"112754"	"Bacteria"	"Proteobacteria"	"Alphaproteobacteria"	"Sphingomonadales"	"Erythrobacteraceae"	""	""
"1068155"	"Bacteria"	"Bacteroidetes"	"Saprospirae"	"Saprospirales"	"Chitinophagaceae"	""	""
"646030"	"Bacteria"	"Acidobacteria"	"Acidobacteria-5"	""	""	""	""
"553534"	"Bacteria"	"Bacteroidetes"	"Saprospirae"	"Saprospirales"	"Chitinophagaceae"	""	""
"581900"	"Bacteria"	"Proteobacteria"	"Gammaproteobacteria"	"Xanthomonadales"	"Sinobacteraceae"	""	""
"308202"	"Bacteria"	"Verrucomicrobia"	"Pedosphaerae"	"Pedosphaerales"	"Ellin515"	""	""
"622731"	"Bacteria"	"Proteobacteria"	"Alphaproteobacteria"	"Rhodospirillales"	"Rhodospirillaceae"	""	""
"1639771"	"Bacteria"	"Actinobacteria"	"Acidimicrobiia"	"Acidimicrobiales"	""	""	""
"217746"	"Bacteria"	"Chloroflexi"	"Ellin6529"	""	""	""	""
"217748"	"Bacteria"	"Proteobacteria"	"Deltaproteobacteria"	"Myxococcales"	""	""	""
"882681"	"Bacteria"	"Bacteroidetes"	"Saprospirae"	"Saprospirales"	"Chitinophagaceae"	""	""
"156210"	"Bacteria"	"Verrucomicrobia"	"Opitutae"	"Opitutales"	"Opitutaceae"	"Opitutus"	""
"594013"	"Bacteria"	"Bacteroidetes"	"Saprospirae"	"Saprospirales"	"Chitinophagaceae"	""	""
"4324314"	"Bacteria"	"Bacteroidetes"	"Saprospirae"	"Saprospirales"	"Chitinophagaceae"	""	""
"814295"	"Bacteria"	"Acidobacteria"	"Chloracidobacteria"	"RB41"	"Ellin6075"	""	""
"219743"	"Bacteria"	"Actinobacteria"	"Actinobacteria"	"Actinomycetales"	"Micromonosporaceae"	""	""
"562008"	"Bacteria"	"Proteobacteria"	"Gammaproteobacteria"	"Xanthomonadales"	"Sinobacteraceae"	"Steroidobacter"	""
"13568"	"Bacteria"	"Actinobacteria"	"Actinobacteria"	"Actinomycetales"	"Nocardiaceae"	"Rhodococcus"	"globerulus"
"1131545"	"Bacteria"	"Proteobacteria"	"Deltaproteobacteria"	"Myxococcales"	""	""	""
"819893"	"Bacteria"	"Proteobacteria"	"Betaproteobacteria"	"SC-I-84"	""	""	""
"587598"	"Bacteria"	"Verrucomicrobia"	"Spartobacteria"	"Chthoniobacterales"	"Chthoniobacteraceae"	"DA101"	""
"417101"	"Bacteria"	"Proteobacteria"	"Alphaproteobacteria"	"Ellin329"	""	""	""
"1029922"	"Bacteria"	"Proteobacteria"	"Alphaproteobacteria"	"Ellin329"	""	""	""
"436590"	"Bacteria"	"Proteobacteria"	"Gammaproteobacteria"	"Xanthomonadales"	"Sinobacteraceae"	""	""
"4316722"	"Bacteria"	"Verrucomicrobia"	"Pedosphaerae"	"Pedosphaerales"	""	""	""
"570576"	"Bacteria"	"Bacteroidetes"	"Cytophagia"	"Cytophagales"	"Cytophagaceae"	""	""
"1062748"	"Bacteria"	"Actinobacteria"	"Actinobacteria"	"Actinomycetales"	"Mycobacteriaceae"	"Mycobacterium"	""
"514041"	"Bacteria"	"Proteobacteria"	"Alphaproteobacteria"	"Sphingomonadales"	"Sphingomonadaceae"	"Kaistobacter"	""
"855996"	"Bacteria"	"Gemmatimonadetes"	"Gemmatimonadetes"	"N1423WL"	""	""	""
"588703"	"Bacteria"	"Proteobacteria"	"Deltaproteobacteria"	"Desulfuromonadales"	"Geobacteraceae"	"Geobacter"	""
"783660"	"Bacteria"	"Acidobacteria"	"Acidobacteriia"	"Acidobacteriales"	"Koribacteraceae"	"Candidatus Koribacter"	""
"112949"	"Bacteria"	"Chloroflexi"	"TK10"	"AKYG885"	"Dolo_23"	""	""
"567336"	"Bacteria"	"Proteobacteria"	"Alphaproteobacteria"	"Rhizobiales"	""	""	""
"567333"	"Bacteria"	"Proteobacteria"	"Betaproteobacteria"	""	""	""	""
"343242"	"Bacteria"	"Actinobacteria"	"Actinobacteria"	"Actinomycetales"	"Nocardiaceae"	"Rhodococcus"	""
"532331"	"Bacteria"	"Bacteroidetes"	"Cytophagia"	"Cytophagales"	"Cytophagaceae"	""	""
"946860"	"Bacteria"	"Actinobacteria"	"Thermoleophilia"	"Solirubrobacterales"	""	""	""
"1081222"	"Bacteria"	"Firmicutes"	"Bacilli"	"Bacillales"	"Paenibacillaceae"	"Paenibacillus"	""
"1049393"	"Bacteria"	"Verrucomicrobia"	"Spartobacteria"	"Chthoniobacterales"	"Chthoniobacteraceae"	"Chthoniobacter"	""
"257270"	"Bacteria"	"Proteobacteria"	"Alphaproteobacteria"	""	""	""	""
"925200"	"Bacteria"	"Actinobacteria"	"Thermoleophilia"	"Solirubrobacterales"	"Conexibacteraceae"	""	""
"758613"	"Bacteria"	"Bacteroidetes"	"Saprospirae"	"Saprospirales"	"Chitinophagaceae"	""	""
"253167"	"Bacteria"	"Proteobacteria"	"Alphaproteobacteria"	"Rhizobiales"	"Hyphomicrobiaceae"	"Rhodoplanes"	""
"511817"	"Bacteria"	"Verrucomicrobia"	"Spartobacteria"	"Chthoniobacterales"	"Chthoniobacteraceae"	"OR-59"	""
"945478"	"Bacteria"	"Proteobacteria"	"Gammaproteobacteria"	"Xanthomonadales"	"Xanthomonadaceae"	""	""
"551109"	"Bacteria"	"Proteobacteria"	"Alphaproteobacteria"	"Caulobacterales"	"Caulobacteraceae"	""	""
"215823"	"Bacteria"	"Bacteroidetes"	"Saprospirae"	"Saprospirales"	"Chitinophagaceae"	""	""
"215825"	"Bacteria"	"Proteobacteria"	"Alphaproteobacteria"	"Ellin329"	""	""	""
"1048878"	"Bacteria"	"Proteobacteria"	"Betaproteobacteria"	"Burkholderiales"	"Comamonadaceae"	"Variovorax"	"paradoxus"
"816631"	"Bacteria"	"Acidobacteria"	"Acidobacteria-6"	"iii1-15"	""	""	""
"223655"	"Bacteria"	"Planctomycetes"	"Phycisphaerae"	"WD2101"	""	""	""
"822571"	"Bacteria"	"Verrucomicrobia"	"Pedosphaerae"	"Pedosphaerales"	""	""	""
"831289"	"Bacteria"	"Proteobacteria"	"Alphaproteobacteria"	"Caulobacterales"	""	""	""
"325776"	"Bacteria"	"Bacteroidetes"	"Saprospirae"	"Saprospirales"	"Chitinophagaceae"	""	""
"512397"	"Bacteria"	"Proteobacteria"	"Deltaproteobacteria"	"Syntrophobacterales"	"Syntrophobacteraceae"	""	""
"357721"	"Bacteria"	"Elusimicrobia"	"Elusimicrobia"	"FAC88"	""	""	""
"304694"	"Bacteria"	"Proteobacteria"	"Alphaproteobacteria"	"Rhizobiales"	""	""	""
"1053703"	"Bacteria"	"Bacteroidetes"	"Sphingobacteriia"	"Sphingobacteriales"	"Sphingobacteriaceae"	"Pedobacter"	""
"564093"	"Bacteria"	"Actinobacteria"	"Actinobacteria"	"Actinomycetales"	"Micromonosporaceae"	"Virgisporangium"	"ochraceum"
"1020262"	"Bacteria"	"Bacteroidetes"	"Saprospirae"	"Saprospirales"	"Chitinophagaceae"	""	""
"537115"	"Bacteria"	"Verrucomicrobia"	"Pedosphaerae"	"Pedosphaerales"	"Ellin515"	""	""
"4318042"	"Bacteria"	"Bacteroidetes"	"Sphingobacteriia"	"Sphingobacteriales"	"Sphingobacteriaceae"	""	""
"1125708"	"Bacteria"	"Acidobacteria"	"Chloracidobacteria"	"RB41"	"Ellin6075"	""	""
"216350"	"Bacteria"	"Bacteroidetes"	"Saprospirae"	"Saprospirales"	"Chitinophagaceae"	""	""
"949062"	"Bacteria"	"Proteobacteria"	"Alphaproteobacteria"	"Sphingomonadales"	"Sphingomonadaceae"	"Kaistobacter"	""
"816441"	"Bacteria"	"Proteobacteria"	"Gammaproteobacteria"	"Xanthomonadales"	"Sinobacteraceae"	"Steroidobacter"	""
"1078248"	"Bacteria"	"Firmicutes"	"Bacilli"	"Bacillales"	"Bacillaceae"	"Bacillus"	""
"110321"	"Bacteria"	"Firmicutes"	"Bacilli"	"Bacillales"	"Alicyclobacillaceae"	"Alicyclobacillus"	""
"1074625"	"Bacteria"	"Actinobacteria"	"Actinobacteria"	"Actinomycetales"	"Microbacteriaceae"	""	""
"278390"	"Bacteria"	"Bacteroidetes"	"Saprospirae"	"Saprospirales"	"Chitinophagaceae"	""	""
"567840"	"Bacteria"	"Proteobacteria"	"Alphaproteobacteria"	"Rhizobiales"	"Bradyrhizobiaceae"	"Bosea"	"genosp."
"1084157"	"Bacteria"	"Actinobacteria"	"Actinobacteria"	"Actinomycetales"	"Intrasporangiaceae"	"Janibacter"	""
"901893"	"Bacteria"	"Actinobacteria"	"Actinobacteria"	"Actinomycetales"	""	""	""
"591647"	"Bacteria"	"Proteobacteria"	"Deltaproteobacteria"	"Myxococcales"	""	""	""
"888396"	"Bacteria"	"Proteobacteria"	"Betaproteobacteria"	"Burkholderiales"	"Comamonadaceae"	"Hydrogenophaga"	""
"142010"	"Bacteria"	"Verrucomicrobia"	"Opitutae"	"Opitutales"	"Opitutaceae"	"Opitutus"	""
"1032653"	"Bacteria"	"Actinobacteria"	"Thermoleophilia"	"Solirubrobacterales"	"Solirubrobacteraceae"	""	""
"571363"	"Bacteria"	"Proteobacteria"	"Betaproteobacteria"	"MND1"	""	""	""
"2733662"	"Bacteria"	"Acidobacteria"	"Acidobacteria-6"	"CCU21"	""	""	""
"1108830"	"Bacteria"	"Proteobacteria"	"Alphaproteobacteria"	"Rhizobiales"	"Methylocystaceae"	""	""
"4479100"	"Bacteria"	"Actinobacteria"	"Thermoleophilia"	"Gaiellales"	"Gaiellaceae"	""	""
"231447"	"Bacteria"	"Verrucomicrobia"	"Opitutae"	"Opitutales"	"Opitutaceae"	"Opitutus"	""
"368218"	"Bacteria"	"Actinobacteria"	"Thermoleophilia"	"Gaiellales"	"Gaiellaceae"	""	""
"225379"	"Bacteria"	"Acidobacteria"	"Sva0725"	"Sva0725"	""	""	""
"915631"	"Bacteria"	"Verrucomicrobia"	"Pedosphaerae"	"Pedosphaerales"	""	""	""
"138920"	"Bacteria"	"Acidobacteria"	"Acidobacteria-5"	""	""	""	""
"316335"	"Bacteria"	"Proteobacteria"	"Alphaproteobacteria"	"Rhizobiales"	"Hyphomicrobiaceae"	"Rhodoplanes"	""
"937372"	"Bacteria"	"Proteobacteria"	"Betaproteobacteria"	"Burkholderiales"	"Comamonadaceae"	"Ramlibacter"	""
"549557"	"Bacteria"	"Actinobacteria"	"Actinobacteria"	"Actinomycetales"	"Nocardioidaceae"	""	""
"245723"	"Bacteria"	"Actinobacteria"	"Thermoleophilia"	"Gaiellales"	"Gaiellaceae"	""	""
"679787"	"Bacteria"	"Acidobacteria"	"Solibacteres"	"Solibacterales"	"Solibacteraceae"	"Candidatus Solibacter"	""
"570407"	"Bacteria"	"Verrucomicrobia"	"Pedosphaerae"	"Pedosphaerales"	"Ellin517"	""	""
"113674"	"Bacteria"	"Bacteroidetes"	"Sphingobacteriia"	"Sphingobacteriales"	""	""	""
"1129425"	"Bacteria"	"Actinobacteria"	"Thermoleophilia"	"Solirubrobacterales"	"Solirubrobacteraceae"	"Solirubrobacter"	""
"992428"	"Bacteria"	"Verrucomicrobia"	"Pedosphaerae"	"Pedosphaerales"	"Ellin517"	""	""
"815305"	"Bacteria"	"Actinobacteria"	"Actinobacteria"	"Actinomycetales"	"Pseudonocardiaceae"	"Pseudonocardia"	""
"562177"	"Bacteria"	"Bacteroidetes"	"Cytophagia"	"Cytophagales"	"Cytophagaceae"	""	""
"239185"	"Bacteria"	"Bacteroidetes"	"Sphingobacteriia"	"Sphingobacteriales"	""	""	""
"2442916"	"Bacteria"	"Actinobacteria"	"Acidimicrobiia"	"Acidimicrobiales"	""	""	""
"832626"	"Bacteria"	"Proteobacteria"	"Deltaproteobacteria"	"Myxococcales"	""	""	""
"100640"	"Bacteria"	"Proteobacteria"	"Betaproteobacteria"	"IS-44"	""	""	""
"256335"	"Bacteria"	"Proteobacteria"	"Alphaproteobacteria"	"Rhizobiales"	"Hyphomicrobiaceae"	"Rhodoplanes"	""
"255448"	"Bacteria"	"Bacteroidetes"	"Saprospirae"	"Saprospirales"	"Chitinophagaceae"	""	""
"960217"	"Bacteria"	"Actinobacteria"	"Thermoleophilia"	"Solirubrobacterales"	""	""	""
"557974"	"Bacteria"	"Proteobacteria"	"Gammaproteobacteria"	"Pseudomonadales"	"Pseudomonadaceae"	"Pseudomonas"	""
"238426"	"Bacteria"	"Proteobacteria"	"Betaproteobacteria"	"SC-I-84"	""	""	""
"3582363"	"Bacteria"	"Proteobacteria"	"Deltaproteobacteria"	"Myxococcales"	"OM27"	""	""
"775149"	"Bacteria"	"Proteobacteria"	"Gammaproteobacteria"	"Xanthomonadales"	"Sinobacteraceae"	""	""
"1060517"	"Bacteria"	"Proteobacteria"	"Betaproteobacteria"	"Burkholderiales"	"Oxalobacteraceae"	"Janthinobacterium"	""
"566578"	"Bacteria"	"Proteobacteria"	"Betaproteobacteria"	"Burkholderiales"	"Oxalobacteraceae"	""	""
"1012668"	"Bacteria"	"Actinobacteria"	"Acidimicrobiia"	"Acidimicrobiales"	"EB1017"	""	""
"606989"	"Bacteria"	"Proteobacteria"	"Gammaproteobacteria"	"Xanthomonadales"	"Xanthomonadaceae"	"Lysobacter"	"yangpyeongensis"
"224648"	"Bacteria"	"Actinobacteria"	"MB-A2-108"	"0319-7L14"	""	""	""
"809485"	"Bacteria"	"Bacteroidetes"	"Cytophagia"	"Cytophagales"	"Cytophagaceae"	""	""
"185100"	"Bacteria"	"Proteobacteria"	"Deltaproteobacteria"	"Bdellovibrionales"	"Bacteriovoracaceae"	""	""
"328081"	"Bacteria"	"Actinobacteria"	"Actinobacteria"	"Actinomycetales"	"Nocardioidaceae"	""	""
"829373"	"Bacteria"	"Actinobacteria"	"Actinobacteria"	"Actinomycetales"	"Pseudonocardiaceae"	"Pseudonocardia"	""
"1107243"	"Bacteria"	"Proteobacteria"	"Alphaproteobacteria"	"Rhizobiales"	"Rhizobiaceae"	"Rhizobium"	"leguminosarum"
"709657"	"Bacteria"	"Proteobacteria"	"Alphaproteobacteria"	"Rhodospirillales"	"Rhodospirillaceae"	""	""
"214791"	"Bacteria"	"Proteobacteria"	"Alphaproteobacteria"	"Rhizobiales"	"Hyphomicrobiaceae"	"Rhodoplanes"	""
"558911"	"Bacteria"	"Actinobacteria"	"Actinobacteria"	"Actinomycetales"	"Nocardioidaceae"	"Kribbella"	""
"4405640"	"Bacteria"	"Verrucomicrobia"	"Pedosphaerae"	"Pedosphaerales"	"Ellin517"	""	""
"539866"	"Bacteria"	"Proteobacteria"	"Gammaproteobacteria"	"Thiotrichales"	"Piscirickettsiaceae"	""	""
"3581990"	"Bacteria"	"Proteobacteria"	"Alphaproteobacteria"	"Rhizobiales"	"Bradyrhizobiaceae"	""	""
"527397"	"Bacteria"	"Proteobacteria"	"Gammaproteobacteria"	"Xanthomonadales"	"Sinobacteraceae"	""	""
"873887"	"Bacteria"	"Actinobacteria"	"Thermoleophilia"	"Solirubrobacterales"	"Solirubrobacteraceae"	""	""
"915265"	"Bacteria"	"Bacteroidetes"	"Cytophagia"	"Cytophagales"	"Cytophagaceae"	"Dyadobacter"	""
"532139"	"Bacteria"	"Proteobacteria"	"Betaproteobacteria"	"MND1"	""	""	""
"833317"	"Bacteria"	"Firmicutes"	"Bacilli"	"Bacillales"	"Bacillaceae"	"Bacillus"	""
"1009440"	"Bacteria"	"Proteobacteria"	"Alphaproteobacteria"	"Caulobacterales"	"Caulobacteraceae"	""	""
"4447718"	"Bacteria"	"Verrucomicrobia"	"Pedosphaerae"	"Pedosphaerales"	"Ellin515"	""	""
"338140"	"Bacteria"	"Proteobacteria"	"Gammaproteobacteria"	"Pseudomonadales"	"Pseudomonadaceae"	""	""
"765871"	"Bacteria"	"Acidobacteria"	"Acidobacteria-6"	"iii1-15"	""	""	""
"4345857"	"Bacteria"	"Proteobacteria"	"Deltaproteobacteria"	"Myxococcales"	""	""	""
"896276"	"Bacteria"	"Bacteroidetes"	"Sphingobacteriia"	"Sphingobacteriales"	"Sphingobacteriaceae"	"Pedobacter"	""
"4370738"	"Bacteria"	"Proteobacteria"	"Deltaproteobacteria"	"Myxococcales"	""	""	""
"254346"	"Bacteria"	"Actinobacteria"	"Rubrobacteria"	"Rubrobacterales"	"Rubrobacteraceae"	""	""
"269875"	"Bacteria"	"Proteobacteria"	"Deltaproteobacteria"	"Myxococcales"	"Haliangiaceae"	""	""
"909170"	"Bacteria"	"Verrucomicrobia"	"Verrucomicrobiae"	"Verrucomicrobiales"	"Verrucomicrobiaceae"	"Luteolibacter"	""
"1017063"	"Bacteria"	"Proteobacteria"	"Deltaproteobacteria"	"Myxococcales"	"Polyangiaceae"	""	""
"558264"	"Bacteria"	"Proteobacteria"	"Betaproteobacteria"	"Burkholderiales"	"Alcaligenaceae"	"Achromobacter"	""
"242284"	"Bacteria"	"Bacteroidetes"	"Saprospirae"	"Saprospirales"	"Chitinophagaceae"	""	""
"415661"	"Bacteria"	"Proteobacteria"	"Betaproteobacteria"	"Burkholderiales"	"Oxalobacteraceae"	"Ralstonia"	""
"4359497"	"Bacteria"	"Gemmatimonadetes"	"Gemmatimonadetes"	"Ellin5290"	""	""	""
"113004"	"Bacteria"	"Gemmatimonadetes"	"Gemmatimonadetes"	"Gemmatimonadales"	"Ellin5301"	""	""
"1081489"	"Bacteria"	"Fibrobacteres"	"Fibrobacteria"	"258ds10"	""	""	""
"852162"	"Bacteria"	"Bacteroidetes"	"Saprospirae"	"Saprospirales"	"Chitinophagaceae"	""	""
"4342317"	"Bacteria"	"Bacteroidetes"	"Sphingobacteriia"	"Sphingobacteriales"	""	""	""
"539336"	"Bacteria"	"Acidobacteria"	"PAUC37f"	""	""	""	""
"627435"	"Bacteria"	"Proteobacteria"	"Deltaproteobacteria"	"Myxococcales"	"0319-6G20"	""	""
"587540"	"Bacteria"	"Proteobacteria"	"Gammaproteobacteria"	"Xanthomonadales"	"Sinobacteraceae"	""	""
"4439482"	"Bacteria"	"Proteobacteria"	"Gammaproteobacteria"	"Thiotrichales"	"Piscirickettsiaceae"	""	""
"226240"	"Bacteria"	"Verrucomicrobia"	"Opitutae"	"Opitutales"	"Opitutaceae"	""	""
"303643"	"Bacteria"	"Proteobacteria"	"Alphaproteobacteria"	"Rhizobiales"	"Bradyrhizobiaceae"	""	""
"584598"	"Bacteria"	"Proteobacteria"	"Alphaproteobacteria"	"Rhizobiales"	"Hyphomicrobiaceae"	"Rhodoplanes"	""
"772651"	"Bacteria"	"Acidobacteria"	"Acidobacteria-6"	"iii1-15"	"RB40"	""	""
"794280"	"Bacteria"	"Gemmatimonadetes"	"Gemm-1"	""	""	""	""
"997544"	"Bacteria"	"Bacteroidetes"	"Saprospirae"	"Saprospirales"	"Chitinophagaceae"	"Flavisolibacter"	""
"824675"	"Bacteria"	"Bacteroidetes"	"Saprospirae"	"Saprospirales"	"Chitinophagaceae"	""	""
"1081815"	"Bacteria"	"Actinobacteria"	"Actinobacteria"	"Actinomycetales"	"Micrococcaceae"	""	""
"819681"	"Bacteria"	"Actinobacteria"	"Thermoleophilia"	"Gaiellales"	"Gaiellaceae"	""	""
"544772"	"Bacteria"	"Proteobacteria"	"Alphaproteobacteria"	"Rhizobiales"	"Hyphomicrobiaceae"	"Devosia"	""
"732609"	"Bacteria"	"Actinobacteria"	"Actinobacteria"	"Actinomycetales"	"Promicromonosporaceae"	"Luteimicrobium"	"subarcticum"
"236466"	"Bacteria"	"Actinobacteria"	"Actinobacteria"	"Actinomycetales"	"Microbacteriaceae"	"Agromyces"	""
"100737"	"Bacteria"	"Verrucomicrobia"	"Opitutae"	"Opitutales"	"Opitutaceae"	""	""
"952082"	"Bacteria"	"Bacteroidetes"	"Sphingobacteriia"	"Sphingobacteriales"	"Sphingobacteriaceae"	"Pedobacter"	""
"568461"	"Bacteria"	"Actinobacteria"	"Thermoleophilia"	"Gaiellales"	"Gaiellaceae"	""	""
"723100"	"Bacteria"	"Proteobacteria"	"Alphaproteobacteria"	"Rhizobiales"	"Hyphomicrobiaceae"	"Rhodoplanes"	""
"812105"	"Bacteria"	"WS3"	"PRR-12"	"Sediment-1"	"PRR-10"	""	""
"561452"	"Bacteria"	"Actinobacteria"	"Thermoleophilia"	"Gaiellales"	"Gaiellaceae"	""	""
"945733"	"Bacteria"	"Bacteroidetes"	"Saprospirae"	"Saprospirales"	"Chitinophagaceae"	""	""
"329490"	"Bacteria"	"Actinobacteria"	"Actinobacteria"	"Actinomycetales"	"Actinosynnemataceae"	"Lentzea"	""
"620224"	"Bacteria"	"Proteobacteria"	"Deltaproteobacteria"	"Syntrophobacterales"	"Syntrophobacteraceae"	""	""
"778795"	"Bacteria"	"Gemmatimonadetes"	"Gemmatimonadetes"	""	""	""	""
"1110836"	"Bacteria"	"Bacteroidetes"	"Saprospirae"	"Saprospirales"	"Chitinophagaceae"	""	""
"240506"	"Bacteria"	"Proteobacteria"	"Deltaproteobacteria"	"Myxococcales"	""	""	""
"832619"	"Bacteria"	"Proteobacteria"	"Betaproteobacteria"	"SC-I-84"	""	""	""
"139405"	"Bacteria"	"Planctomycetes"	"Planctomycetia"	"Pirellulales"	"Pirellulaceae"	"Pirellula"	""
"1112326"	"Bacteria"	"Proteobacteria"	"Alphaproteobacteria"	"Rhizobiales"	"Hyphomicrobiaceae"	"Rhodoplanes"	""
"778968"	"Bacteria"	"Actinobacteria"	"Actinobacteria"	"Actinomycetales"	"Nocardioidaceae"	""	""
"1125248"	"Bacteria"	"Proteobacteria"	"Gammaproteobacteria"	"Xanthomonadales"	"Xanthomonadaceae"	"Dokdonella"	""
"137916"	"Bacteria"	"Proteobacteria"	"Alphaproteobacteria"	"Rhizobiales"	"Beijerinckiaceae"	""	""
"4401982"	"Bacteria"	"Nitrospirae"	"Nitrospira"	"Nitrospirales"	"Nitrospiraceae"	""	""
"750320"	"Bacteria"	"Proteobacteria"	"Deltaproteobacteria"	"Myxococcales"	"Polyangiaceae"	"Sorangium"	"cellulosum"
"185950"	"Bacteria"	"Chloroflexi"	"Anaerolineae"	"SBR1031"	"A4b"	""	""
"917888"	"Bacteria"	"Bacteroidetes"	"Sphingobacteriia"	"Sphingobacteriales"	"Sphingobacteriaceae"	""	""
"256569"	"Bacteria"	"Chlorobi"	""	""	""	""	""
"235541"	"Bacteria"	"Verrucomicrobia"	"Pedosphaerae"	"Pedosphaerales"	""	""	""
"937954"	"Bacteria"	"Bacteroidetes"	"Saprospirae"	"Saprospirales"	"Chitinophagaceae"	""	""
"78422"	"Bacteria"	"Bacteroidetes"	"Saprospirae"	"Saprospirales"	"Chitinophagaceae"	""	""
"688259"	"Bacteria"	"Actinobacteria"	"Actinobacteria"	"Actinomycetales"	"Micromonosporaceae"	"Couchioplanes"	""
"237703"	"Bacteria"	"Actinobacteria"	"Acidimicrobiia"	"Acidimicrobiales"	"EB1017"	""	""
"1640195"	"Bacteria"	"Proteobacteria"	"Alphaproteobacteria"	"Rhodospirillales"	"Rhodospirillaceae"	""	""
"319944"	"Bacteria"	"Actinobacteria"	"Thermoleophilia"	"Solirubrobacterales"	""	""	""
"554390"	"Bacteria"	"Proteobacteria"	"Deltaproteobacteria"	"Bdellovibrionales"	"Bacteriovoracaceae"	"Peredibacter"	"starrii"
"1044436"	"Bacteria"	"Proteobacteria"	"Deltaproteobacteria"	"Syntrophobacterales"	"Syntrophobacteraceae"	""	""
"1072787"	"Bacteria"	"Proteobacteria"	"Gammaproteobacteria"	"Xanthomonadales"	"Xanthomonadaceae"	"Thermomonas"	""
"576653"	"Bacteria"	"Bacteroidetes"	"Saprospirae"	"Saprospirales"	"Chitinophagaceae"	""	""
"570552"	"Bacteria"	"Actinobacteria"	"Actinobacteria"	"Actinomycetales"	"Microbacteriaceae"	"Agromyces"	""
"1053194"	"Bacteria"	"Proteobacteria"	"Gammaproteobacteria"	"Xanthomonadales"	"Sinobacteraceae"	""	""
"674370"	"Bacteria"	"Proteobacteria"	"Alphaproteobacteria"	"Rhizobiales"	"Hyphomicrobiaceae"	"Devosia"	""
"339660"	"Bacteria"	"Proteobacteria"	"Gammaproteobacteria"	"Xanthomonadales"	"Sinobacteraceae"	""	""
"4300564"	"Bacteria"	"Proteobacteria"	"Alphaproteobacteria"	"Caulobacterales"	"Caulobacteraceae"	"Asticcacaulis"	"biprosthecium"
"960076"	"Bacteria"	"Bacteroidetes"	"Flavobacteriia"	"Flavobacteriales"	"Flavobacteriaceae"	"Flavobacterium"	""
"562311"	"Bacteria"	"Proteobacteria"	"Alphaproteobacteria"	"Rhizobiales"	"Hyphomicrobiaceae"	"Rhodoplanes"	""
"2946783"	"Bacteria"	"Proteobacteria"	"Alphaproteobacteria"	"Sphingomonadales"	"Erythrobacteraceae"	""	""
"817349"	"Bacteria"	"Proteobacteria"	"Gammaproteobacteria"	"Acidithiobacillales"	""	""	""
"586320"	"Bacteria"	"Verrucomicrobia"	"Spartobacteria"	"Chthoniobacterales"	"Chthoniobacteraceae"	"OR-59"	""
"546371"	"Bacteria"	"Actinobacteria"	"Thermoleophilia"	"Solirubrobacterales"	""	""	""
"254392"	"Bacteria"	"Proteobacteria"	"Betaproteobacteria"	"Ellin6067"	""	""	""
"216925"	"Bacteria"	"Acidobacteria"	"Chloracidobacteria"	"RB41"	""	""	""
"809189"	"Bacteria"	"Bacteroidetes"	"Saprospirae"	"Saprospirales"	"Chitinophagaceae"	""	""
"792574"	"Bacteria"	"Verrucomicrobia"	"Pedosphaerae"	"Pedosphaerales"	""	""	""
"360823"	"Bacteria"	"Acidobacteria"	"Acidobacteria-6"	"iii1-15"	""	""	""
"137818"	"Bacteria"	"Actinobacteria"	"Thermoleophilia"	"Gaiellales"	"Gaiellaceae"	""	""
"813938"	"Bacteria"	"Proteobacteria"	"Alphaproteobacteria"	"Sphingomonadales"	"Sphingomonadaceae"	"Kaistobacter"	""
"811263"	"Bacteria"	"Actinobacteria"	"Thermoleophilia"	"Gaiellales"	"Gaiellaceae"	""	""
"208805"	"Bacteria"	"Bacteroidetes"	"Saprospirae"	"Saprospirales"	"Chitinophagaceae"	""	""
"2591424"	"Bacteria"	"Proteobacteria"	"Deltaproteobacteria"	"Myxococcales"	""	""	""
"824146"	"Bacteria"	"Proteobacteria"	"Alphaproteobacteria"	"Sphingomonadales"	"Sphingomonadaceae"	"Kaistobacter"	""
"510547"	"Bacteria"	"Actinobacteria"	"Acidimicrobiia"	"Acidimicrobiales"	""	""	""
"1105574"	"Bacteria"	"Proteobacteria"	"Betaproteobacteria"	"Burkholderiales"	"Oxalobacteraceae"	""	""
"1108685"	"Bacteria"	"Nitrospirae"	"Nitrospira"	"Nitrospirales"	"0319-6A21"	""	""
"365415"	"Bacteria"	"Proteobacteria"	"Gammaproteobacteria"	"Xanthomonadales"	"Sinobacteraceae"	"Steroidobacter"	""
"915948"	"Bacteria"	"Actinobacteria"	"Actinobacteria"	"Actinomycetales"	"Nocardiaceae"	"Rhodococcus"	""
"1098922"	"Bacteria"	"Proteobacteria"	"Alphaproteobacteria"	"Rhizobiales"	"Hyphomicrobiaceae"	"Hyphomicrobium"	""
"4316013"	"Bacteria"	"Planctomycetes"	"Planctomycetia"	"Pirellulales"	"Pirellulaceae"	""	""
"814232"	"Bacteria"	"Acidobacteria"	"Acidobacteria-6"	"iii1-15"	""	""	""
"769643"	"Bacteria"	"Proteobacteria"	"Gammaproteobacteria"	"Pseudomonadales"	"Pseudomonadaceae"	""	""
"130710"	"Bacteria"	"Actinobacteria"	"Actinobacteria"	"Actinomycetales"	"Micrococcaceae"	""	""
"825183"	"Bacteria"	"Bacteroidetes"	"Saprospirae"	"Saprospirales"	"Chitinophagaceae"	""	""
"557467"	"Bacteria"	"Gemmatimonadetes"	"Gemmatimonadetes"	"Gemmatimonadales"	"Ellin5301"	""	""
"550164"	"Bacteria"	"Bacteroidetes"	"Cytophagia"	"Cytophagales"	"Cytophagaceae"	""	""
"577068"	"Bacteria"	"Proteobacteria"	"Betaproteobacteria"	"MND1"	""	""	""
"246952"	"Bacteria"	"Bacteroidetes"	"Saprospirae"	"Saprospirales"	"Chitinophagaceae"	""	""
"281360"	"Bacteria"	"Proteobacteria"	"Alphaproteobacteria"	"Rhodospirillales"	"Rhodospirillaceae"	""	""
"153239"	"Bacteria"	"Verrucomicrobia"	"Pedosphaerae"	"Pedosphaerales"	""	""	""
"1082846"	"Bacteria"	"Actinobacteria"	"Actinobacteria"	"Actinomycetales"	"Streptomycetaceae"	"Streptomyces"	""
"11428"	"Bacteria"	"Actinobacteria"	"Actinobacteria"	"Actinomycetales"	"Geodermatophilaceae"	"Geodermatophilus"	"obscurus"
"962736"	"Bacteria"	"Proteobacteria"	"Gammaproteobacteria"	"HTCC2188"	"HTCC2089"	""	""
"18499"	"Bacteria"	"Proteobacteria"	"Alphaproteobacteria"	"Sphingomonadales"	"Sphingomonadaceae"	"Sphingobium"	""
"591358"	"Bacteria"	"Planctomycetes"	"Planctomycetia"	"Gemmatales"	"Gemmataceae"	"Gemmata"	""
"238109"	"Bacteria"	"Proteobacteria"	"Betaproteobacteria"	"Burkholderiales"	"Comamonadaceae"	"Polaromonas"	""
"218116"	"Bacteria"	"Verrucomicrobia"	"Pedosphaerae"	"Pedosphaerales"	"Ellin517"	""	""
"582391"	"Bacteria"	"Acidobacteria"	"Acidobacteria-6"	"iii1-15"	""	""	""
"556561"	"Archaea"	"Crenarchaeota"	"Thaumarchaeota"	"Nitrososphaerales"	"Nitrososphaeraceae"	"Candidatus Nitrososphaera"	"SCA1170"
"1109142"	"Bacteria"	"Verrucomicrobia"	"Verrucomicrobiae"	"Verrucomicrobiales"	"Verrucomicrobiaceae"	""	""
"1108431"	"Bacteria"	"Verrucomicrobia"	"Pedosphaerae"	"Pedosphaerales"	"Ellin515"	""	""
"105113"	"Archaea"	"Crenarchaeota"	"Thaumarchaeota"	"Nitrososphaerales"	"Nitrososphaeraceae"	"Candidatus Nitrososphaera"	""
"792868"	"Bacteria"	"Proteobacteria"	"Betaproteobacteria"	"Burkholderiales"	"Oxalobacteraceae"	""	""
"107234"	"Archaea"	"Crenarchaeota"	"Thaumarchaeota"	"Nitrososphaerales"	"Nitrososphaeraceae"	"Candidatus Nitrososphaera"	"SCA1145"
"209613"	"Bacteria"	"Gemmatimonadetes"	"Gemm-1"	""	""	""	""
"4302753"	"Bacteria"	"Proteobacteria"	"Deltaproteobacteria"	"Myxococcales"	""	""	""
"1052930"	"Bacteria"	"Proteobacteria"	"Gammaproteobacteria"	"Xanthomonadales"	"Xanthomonadaceae"	"Luteimonas"	""
"249068"	"Bacteria"	"Actinobacteria"	"Actinobacteria"	"Actinomycetales"	"Micromonosporaceae"	"Pilimelia"	""
"237634"	"Bacteria"	"Verrucomicrobia"	"Pedosphaerae"	"Pedosphaerales"	""	""	""
"539496"	"Bacteria"	"Proteobacteria"	"Deltaproteobacteria"	"Myxococcales"	""	""	""
"1037355"	"Bacteria"	"Actinobacteria"	"Actinobacteria"	"Actinomycetales"	"Streptomycetaceae"	"Streptomyces"	""
"586230"	"Bacteria"	"Proteobacteria"	"Betaproteobacteria"	"Burkholderiales"	"Oxalobacteraceae"	""	""
"1121806"	"Bacteria"	"Chloroflexi"	"Gitt-GS-136"	""	""	""	""
"1088120"	"Bacteria"	"Bacteroidetes"	"Sphingobacteriia"	"Sphingobacteriales"	"Sphingobacteriaceae"	"Pedobacter"	""
"965853"	"Bacteria"	"Actinobacteria"	"Thermoleophilia"	"Solirubrobacterales"	""	""	""
"835594"	"Bacteria"	"Proteobacteria"	"Alphaproteobacteria"	"Rhizobiales"	"Bradyrhizobiaceae"	"Balneimonas"	""
"510316"	"Bacteria"	"Proteobacteria"	"Alphaproteobacteria"	"Rhizobiales"	"Hyphomicrobiaceae"	"Rhodoplanes"	""
"831179"	"Bacteria"	"Proteobacteria"	"Betaproteobacteria"	"Burkholderiales"	"Comamonadaceae"	""	""
"586031"	"Bacteria"	"WS3"	"PRR-12"	"Sediment-1"	"PRR-10"	""	""
"547097"	"Bacteria"	"Proteobacteria"	"Alphaproteobacteria"	"Rhizobiales"	"Phyllobacteriaceae"	"Mesorhizobium"	""
"931643"	"Bacteria"	"Proteobacteria"	"Betaproteobacteria"	"Burkholderiales"	"Comamonadaceae"	"Acidovorax"	""
"222183"	"Bacteria"	"Proteobacteria"	"Alphaproteobacteria"	"Sphingomonadales"	"Sphingomonadaceae"	""	""
"341698"	"Bacteria"	"Verrucomicrobia"	"Verrucomicrobiae"	"Verrucomicrobiales"	"Verrucomicrobiaceae"	""	""
"896338"	"Bacteria"	"Proteobacteria"	"Deltaproteobacteria"	"Myxococcales"	""	""	""
"219243"	"Bacteria"	"Bacteroidetes"	"Sphingobacteriia"	"Sphingobacteriales"	""	""	""
"1011958"	"Bacteria"	"Verrucomicrobia"	"Spartobacteria"	"Chthoniobacterales"	"Chthoniobacteraceae"	""	""
"876170"	"Bacteria"	"Actinobacteria"	"Actinobacteria"	"Actinomycetales"	"Microbacteriaceae"	"Salinibacterium"	""
"883748"	"Bacteria"	"Firmicutes"	"Bacilli"	"Bacillales"	"Bacillaceae"	"Bacillus"	""
"529793"	"Bacteria"	"Actinobacteria"	"Acidimicrobiia"	"Acidimicrobiales"	"EB1017"	""	""
"769292"	"Bacteria"	"Proteobacteria"	"Betaproteobacteria"	"Ellin6067"	""	""	""
"854368"	"Bacteria"	"Actinobacteria"	"Acidimicrobiia"	"Acidimicrobiales"	"EB1017"	""	""
"648543"	"Bacteria"	"Actinobacteria"	"Thermoleophilia"	"Gaiellales"	"Gaiellaceae"	""	""
"810679"	"Bacteria"	"Proteobacteria"	"Betaproteobacteria"	""	""	""	""
"269781"	"Bacteria"	"Proteobacteria"	"Alphaproteobacteria"	"Rhizobiales"	"Rhizobiaceae"	"Kaistia"	""
"788632"	"Bacteria"	"Proteobacteria"	"Betaproteobacteria"	"Methylophilales"	"Methylophilaceae"	""	""
"892000"	"Bacteria"	"Acidobacteria"	"Acidobacteria-6"	"iii1-15"	""	""	""
"637184"	"Bacteria"	"Acidobacteria"	"Acidobacteria-6"	"iii1-15"	""	""	""
"1051517"	"Bacteria"	"Firmicutes"	"Bacilli"	"Bacillales"	"Bacillaceae"	"Bacillus"	""
"1094453"	"Bacteria"	"Proteobacteria"	"Alphaproteobacteria"	"Sphingomonadales"	"Sphingomonadaceae"	"Kaistobacter"	""
"550219"	"Bacteria"	"Acidobacteria"	"Acidobacteria-6"	"iii1-15"	""	""	""
"818282"	"Bacteria"	"Proteobacteria"	"Betaproteobacteria"	"SC-I-84"	""	""	""
"254401"	"Bacteria"	"Proteobacteria"	"Alphaproteobacteria"	"Caulobacterales"	"Caulobacteraceae"	"Phenylobacterium"	""
"546690"	"Bacteria"	"Actinobacteria"	"Actinobacteria"	"Actinomycetales"	"Microbacteriaceae"	""	""
"3723650"	"Bacteria"	"Proteobacteria"	"Alphaproteobacteria"	"Sphingomonadales"	"Sphingomonadaceae"	""	""
"1108726"	"Bacteria"	"Proteobacteria"	"Betaproteobacteria"	"Burkholderiales"	"Comamonadaceae"	"Methylibium"	""
"1102554"	"Bacteria"	"Bacteroidetes"	"Saprospirae"	"Saprospirales"	"Chitinophagaceae"	""	""
"262768"	"Bacteria"	"Proteobacteria"	"Alphaproteobacteria"	"Rhodospirillales"	"Rhodospirillaceae"	""	""
"966091"	"Bacteria"	"Actinobacteria"	"Actinobacteria"	"Actinomycetales"	"Geodermatophilaceae"	"Modestobacter"	""
"55354"	"Bacteria"	"Planctomycetes"	"Phycisphaerae"	"WD2101"	""	""	""
"515709"	"Bacteria"	"Proteobacteria"	"Alphaproteobacteria"	"Rhizobiales"	"Hyphomicrobiaceae"	"Rhodoplanes"	""
"902698"	"Bacteria"	"Actinobacteria"	"Actinobacteria"	"Actinomycetales"	"Nocardioidaceae"	""	""
"591499"	"Bacteria"	"Proteobacteria"	"Betaproteobacteria"	"Burkholderiales"	"Oxalobacteraceae"	"Oxalobacter"	""
"569066"	"Bacteria"	"Proteobacteria"	"Gammaproteobacteria"	"Xanthomonadales"	"Xanthomonadaceae"	"Dokdonella"	""
"823091"	"Bacteria"	"Gemmatimonadetes"	"Gemm-1"	""	""	""	""
"219094"	"Bacteria"	"Verrucomicrobia"	"Pedosphaerae"	"Pedosphaerales"	""	""	""
"961783"	"Bacteria"	"Proteobacteria"	"Gammaproteobacteria"	"Pseudomonadales"	"Pseudomonadaceae"	"Pseudomonas"	""
"823633"	"Bacteria"	"Actinobacteria"	"Actinobacteria"	"Actinomycetales"	"Mycobacteriaceae"	"Mycobacterium"	""
