"otuids"	"Rank1"	"Rank2"	"Rank3"	"Rank4"	"Rank5"	"Rank6"	"Rank7"
"4479944"	"k__Bacteria"	"p__Actinobacteria"	"c__MB-A2-108"	"o__0319-7L14"	"f__"	"g__"	"s__"
"513055"	"k__Bacteria"	"p__Proteobacteria"	"c__Gammaproteobacteria"	"o__Xanthomonadales"	"f__Sinobacteraceae"	"g__Steroidobacter"	"s__"
"519510"	"k__Bacteria"	"p__Proteobacteria"	"c__Alphaproteobacteria"	"o__Sphingomonadales"	"f__"	"g__"	"s__"
"810959"	"k__Bacteria"	"p__Actinobacteria"	"c__Actinobacteria"	"o__Actinomycetales"	"f__Intrasporangiaceae"	"g__Knoellia"	"s__"
"849092"	"k__Bacteria"	"p__Bacteroidetes"	"c__Cytophagia"	"o__Cytophagales"	"f__Cytophagaceae"	"g__"	"s__"
"1042671"	"k__Bacteria"	"p__Bacteroidetes"	"c__[Saprospirae]"	"o__[Saprospirales]"	"f__Chitinophagaceae"	"g__"	"s__"
"818174"	"k__Bacteria"	"p__Bacteroidetes"	"c__[Saprospirae]"	"o__[Saprospirales]"	"f__Saprospiraceae"	"g__"	"s__"
"585221"	"k__Bacteria"	"p__Proteobacteria"	"c__Betaproteobacteria"	"o__Burkholderiales"	"f__Oxalobacteraceae"	"g__"	"s__"
"1033380"	"k__Bacteria"	"p__Actinobacteria"	"c__Actinobacteria"	"o__Actinomycetales"	"f__Nocardioidaceae"	"g__"	"s__"
"875704"	"k__Bacteria"	"p__Bacteroidetes"	"c__[Saprospirae]"	"o__[Saprospirales]"	"f__Chitinophagaceae"	"g__"	"s__"
"112952"	"k__Bacteria"	"p__Chloroflexi"	"c__Ellin6529"	"o__"	"f__"	"g__"	"s__"
"760955"	"k__Bacteria"	"p__Acidobacteria"	"c__Acidobacteria-6"	"o__CCU21"	"f__"	"g__"	"s__"
"683649"	"k__Bacteria"	"p__Acidobacteria"	"c__[Chloracidobacteria]"	"o__RB41"	"f__"	"g__"	"s__"
"4337833"	"k__Bacteria"	"p__Planctomycetes"	"c__Planctomycetia"	"o__Pirellulales"	"f__Pirellulaceae"	"g__A17"	"s__"
"146122"	"k__Bacteria"	"p__Actinobacteria"	"c__Actinobacteria"	"o__Actinomycetales"	"f__"	"g__"	"s__"
"590601"	"k__Bacteria"	"p__Proteobacteria"	"c__Betaproteobacteria"	"o__Burkholderiales"	"f__Oxalobacteraceae"	"g__"	"s__"
"588630"	"k__Bacteria"	"p__Proteobacteria"	"c__Alphaproteobacteria"	"o__Rhizobiales"	"f__"	"g__"	"s__"
"255750"	"k__Bacteria"	"p__Actinobacteria"	"c__Rubrobacteria"	"o__Rubrobacterales"	"f__Rubrobacteraceae"	"g__"	"s__"
"541155"	"k__Bacteria"	"p__Proteobacteria"	"c__Gammaproteobacteria"	"o__Xanthomonadales"	"f__Sinobacteraceae"	"g__"	"s__"
"736463"	"k__Bacteria"	"p__Acidobacteria"	"c__Solibacteres"	"o__Solibacterales"	"f__Solibacteraceae"	"g__Candidatus Solibacter"	"s__"
"761601"	"k__Bacteria"	"p__Proteobacteria"	"c__Gammaproteobacteria"	"o__Xanthomonadales"	"f__Sinobacteraceae"	"g__"	"s__"
"529067"	"k__Bacteria"	"p__Planctomycetes"	"c__Planctomycetia"	"o__Pirellulales"	"f__Pirellulaceae"	"g__"	"s__"
"107036"	"k__Bacteria"	"p__Proteobacteria"	"c__Alphaproteobacteria"	"o__Rhizobiales"	"f__Bradyrhizobiaceae"	"g__Nitrobacter"	"s__"
"570086"	"k__Bacteria"	"p__Bacteroidetes"	"c__Flavobacteriia"	"o__Flavobacteriales"	"f__Cryomorphaceae"	"g__Fluviicola"	"s__"
"1000876"	"k__Bacteria"	"p__Actinobacteria"	"c__Actinobacteria"	"o__Actinomycetales"	"f__Nocardioidaceae"	"g__Nocardioides"	"s__"
"1132235"	"k__Bacteria"	"p__Actinobacteria"	"c__Thermoleophilia"	"o__Solirubrobacterales"	"f__"	"g__"	"s__"
"740154"	"k__Bacteria"	"p__Proteobacteria"	"c__Alphaproteobacteria"	"o__Rhodospirillales"	"f__Rhodospirillaceae"	"g__"	"s__"
"943138"	"k__Bacteria"	"p__Bacteroidetes"	"c__Cytophagia"	"o__Cytophagales"	"f__Cytophagaceae"	"g__"	"s__"
"544711"	"k__Bacteria"	"p__Bacteroidetes"	"c__Cytophagia"	"o__Cytophagales"	"f__Cytophagaceae"	"g__"	"s__"
"4346961"	"k__Bacteria"	"p__Chloroflexi"	"c__Ellin6529"	"o__"	"f__"	"g__"	"s__"
"912372"	"k__Bacteria"	"p__Gemmatimonadetes"	"c__Gemmatimonadetes"	"o__Ellin5290"	"f__"	"g__"	"s__"
"1019914"	"k__Bacteria"	"p__Bacteroidetes"	"c__Cytophagia"	"o__Cytophagales"	"f__Cytophagaceae"	"g__"	"s__"
"811187"	"k__Bacteria"	"p__Acidobacteria"	"c__Acidobacteria-6"	"o__iii1-15"	"f__"	"g__"	"s__"
"540592"	"k__Bacteria"	"p__Proteobacteria"	"c__Deltaproteobacteria"	"o__Myxococcales"	"f__"	"g__"	"s__"
"939101"	"k__Bacteria"	"p__Bacteroidetes"	"c__[Saprospirae]"	"o__[Saprospirales]"	"f__Chitinophagaceae"	"g__"	"s__"
"1038987"	"k__Bacteria"	"p__Bacteroidetes"	"c__[Saprospirae]"	"o__[Saprospirales]"	"f__Chitinophagaceae"	"g__Flavisolibacter"	"s__"
"107428"	"k__Bacteria"	"p__Verrucomicrobia"	"c__[Pedosphaerae]"	"o__[Pedosphaerales]"	"f__"	"g__"	"s__"
"811435"	"k__Bacteria"	"p__Acidobacteria"	"c__Acidobacteria-6"	"o__iii1-15"	"f__"	"g__"	"s__"
"775560"	"k__Bacteria"	"p__Acidobacteria"	"c__PAUC37f"	"o__"	"f__"	"g__"	"s__"
"743788"	"k__Bacteria"	"p__Actinobacteria"	"c__Actinobacteria"	"o__Actinomycetales"	"f__Actinosynnemataceae"	"g__Saccharothrix"	"s__"
"589500"	"k__Bacteria"	"p__Proteobacteria"	"c__Alphaproteobacteria"	"o__Rhizobiales"	"f__Hyphomicrobiaceae"	"g__Hyphomicrobium"	"s__"
"578951"	"k__Bacteria"	"p__Gemmatimonadetes"	"c__Gemmatimonadetes"	"o__Gemmatimonadales"	"f__Gemmatimonadaceae"	"g__Gemmatimonas"	"s__"
"206278"	"k__Bacteria"	"p__Chloroflexi"	"c__Ellin6529"	"o__"	"f__"	"g__"	"s__"
"214676"	"k__Bacteria"	"p__Gemmatimonadetes"	"c__Gemmatimonadetes"	"o__N1423WL"	"f__"	"g__"	"s__"
"244063"	"k__Bacteria"	"p__Actinobacteria"	"c__Thermoleophilia"	"o__Gaiellales"	"f__Gaiellaceae"	"g__"	"s__"
"4402900"	"k__Bacteria"	"p__Proteobacteria"	"c__Alphaproteobacteria"	"o__Rhizobiales"	"f__Hyphomicrobiaceae"	"g__Rhodoplanes"	"s__"
"221791"	"k__Bacteria"	"p__Acidobacteria"	"c__iii1-8"	"o__32-20"	"f__"	"g__"	"s__"
"1107738"	"k__Bacteria"	"p__Acidobacteria"	"c__Acidobacteria-6"	"o__iii1-15"	"f__"	"g__"	"s__"
"1897510"	"k__Bacteria"	"p__Proteobacteria"	"c__Deltaproteobacteria"	"o__Myxococcales"	"f__Haliangiaceae"	"g__"	"s__"
"691349"	"k__Bacteria"	"p__Proteobacteria"	"c__Gammaproteobacteria"	"o__Xanthomonadales"	"f__Sinobacteraceae"	"g__"	"s__"
"735782"	"k__Bacteria"	"p__Acidobacteria"	"c__[Chloracidobacteria]"	"o__RB41"	"f__"	"g__"	"s__"
"255838"	"k__Bacteria"	"p__Acidobacteria"	"c__Acidobacteria-5"	"o__"	"f__"	"g__"	"s__"
"878663"	"k__Bacteria"	"p__Proteobacteria"	"c__Alphaproteobacteria"	"o__Sphingomonadales"	"f__Sphingomonadaceae"	"g__"	"s__"
"215003"	"k__Bacteria"	"p__Actinobacteria"	"c__Acidimicrobiia"	"o__Acidimicrobiales"	"f__"	"g__"	"s__"
"254007"	"k__Bacteria"	"p__Verrucomicrobia"	"c__[Pedosphaerae]"	"o__[Pedosphaerales]"	"f__"	"g__"	"s__"
"731014"	"k__Bacteria"	"p__Actinobacteria"	"c__Actinobacteria"	"o__Actinomycetales"	"f__Micromonosporaceae"	"g__Pilimelia"	"s__"
"1106796"	"k__Bacteria"	"p__Bacteroidetes"	"c__Cytophagia"	"o__Cytophagales"	"f__Cytophagaceae"	"g__"	"s__"
"552989"	"k__Bacteria"	"p__Proteobacteria"	"c__Betaproteobacteria"	"o__MND1"	"f__"	"g__"	"s__"
"206609"	"k__Bacteria"	"p__Proteobacteria"	"c__Betaproteobacteria"	"o__Ellin6067"	"f__"	"g__"	"s__"
"813418"	"k__Bacteria"	"p__Proteobacteria"	"c__Alphaproteobacteria"	"o__Sphingomonadales"	"f__Sphingomonadaceae"	"g__"	"s__"
"828667"	"k__Bacteria"	"p__Actinobacteria"	"c__Actinobacteria"	"o__Actinomycetales"	"f__Micrococcaceae"	"g__"	"s__"
"217700"	"k__Bacteria"	"p__Armatimonadetes"	"c__[Fimbriimonadia]"	"o__[Fimbriimonadales]"	"f__[Fimbriimonadaceae]"	"g__Fimbriimonas"	"s__"
"576136"	"k__Bacteria"	"p__Proteobacteria"	"c__Alphaproteobacteria"	"o__Ellin329"	"f__"	"g__"	"s__"
"534301"	"k__Bacteria"	"p__Proteobacteria"	"c__Deltaproteobacteria"	"o__Syntrophobacterales"	"f__Syntrophobacteraceae"	"g__"	"s__"
"535892"	"k__Bacteria"	"p__Proteobacteria"	"c__Betaproteobacteria"	"o__Burkholderiales"	"f__Oxalobacteraceae"	"g__"	"s__"
"852722"	"k__Bacteria"	"p__Proteobacteria"	"c__Deltaproteobacteria"	"o__Spirobacillales"	"f__"	"g__"	"s__"
"807260"	"k__Bacteria"	"p__Planctomycetes"	"c__Planctomycetia"	"o__Pirellulales"	"f__Pirellulaceae"	"g__"	"s__"
"849156"	"k__Bacteria"	"p__Proteobacteria"	"c__Betaproteobacteria"	"o__Burkholderiales"	"f__Oxalobacteraceae"	"g__"	"s__"
"207403"	"k__Bacteria"	"p__Proteobacteria"	"c__Alphaproteobacteria"	"o__"	"f__"	"g__"	"s__"
"963779"	"k__Bacteria"	"p__Proteobacteria"	"c__Alphaproteobacteria"	"o__Rhizobiales"	"f__Rhizobiaceae"	"g__"	"s__"
"540510"	"k__Bacteria"	"p__Bacteroidetes"	"c__[Saprospirae]"	"o__[Saprospirales]"	"f__Chitinophagaceae"	"g__Flavisolibacter"	"s__"
"4297391"	"k__Bacteria"	"p__Actinobacteria"	"c__Actinobacteria"	"o__Actinomycetales"	"f__Intrasporangiaceae"	"g__Phycicoccus"	"s__"
"565604"	"k__Bacteria"	"p__Proteobacteria"	"c__Deltaproteobacteria"	"o__Myxococcales"	"f__"	"g__"	"s__"
"864507"	"k__Bacteria"	"p__Bacteroidetes"	"c__[Saprospirae]"	"o__[Saprospirales]"	"f__Chitinophagaceae"	"g__"	"s__"
"547608"	"k__Bacteria"	"p__Acidobacteria"	"c__[Chloracidobacteria]"	"o__RB41"	"f__"	"g__"	"s__"
"780555"	"k__Bacteria"	"p__Proteobacteria"	"c__Gammaproteobacteria"	"o__Pseudomonadales"	"f__Pseudomonadaceae"	"g__Pseudomonas"	"s__"
"541299"	"k__Bacteria"	"p__Proteobacteria"	"c__Alphaproteobacteria"	"o__Caulobacterales"	"f__Caulobacteraceae"	"g__Phenylobacterium"	"s__"
"1105280"	"k__Bacteria"	"p__Proteobacteria"	"c__Betaproteobacteria"	"o__Burkholderiales"	"f__Burkholderiaceae"	"g__"	"s__"
"586388"	"k__Bacteria"	"p__Proteobacteria"	"c__Alphaproteobacteria"	"o__Rhizobiales"	"f__Phyllobacteriaceae"	"g__"	"s__"
"4477117"	"k__Bacteria"	"p__Planctomycetes"	"c__Planctomycetia"	"o__B97"	"f__"	"g__"	"s__"
"808319"	"k__Bacteria"	"p__Proteobacteria"	"c__Deltaproteobacteria"	"o__Myxococcales"	"f__"	"g__"	"s__"
"3468909"	"k__Bacteria"	"p__Gemmatimonadetes"	"c__Gemmatimonadetes"	"o__N1423WL"	"f__"	"g__"	"s__"
"221349"	"k__Bacteria"	"p__Gemmatimonadetes"	"c__Gemmatimonadetes"	"o__N1423WL"	"f__"	"g__"	"s__"
"816291"	"k__Bacteria"	"p__Actinobacteria"	"c__Thermoleophilia"	"o__Gaiellales"	"f__Gaiellaceae"	"g__"	"s__"
"331647"	"k__Bacteria"	"p__Proteobacteria"	"c__Alphaproteobacteria"	"o__Rhodospirillales"	"f__Rhodospirillaceae"	"g__"	"s__"
"4434837"	"k__Bacteria"	"p__Verrucomicrobia"	"c__Verrucomicrobiae"	"o__Verrucomicrobiales"	"f__Verrucomicrobiaceae"	"g__Luteolibacter"	"s__"
"876066"	"k__Bacteria"	"p__Actinobacteria"	"c__Thermoleophilia"	"o__Solirubrobacterales"	"f__"	"g__"	"s__"
"976441"	"k__Bacteria"	"p__Bacteroidetes"	"c__Sphingobacteriia"	"o__Sphingobacteriales"	"f__Sphingobacteriaceae"	"g__Pedobacter"	"s__"
"573135"	"k__Bacteria"	"p__Proteobacteria"	"c__Alphaproteobacteria"	"o__Rhizobiales"	"f__Bradyrhizobiaceae"	"g__Bradyrhizobium"	"s__"
"247867"	"k__Bacteria"	"p__Planctomycetes"	"c__Phycisphaerae"	"o__WD2101"	"f__"	"g__"	"s__"
"1107011"	"k__Bacteria"	"p__Verrucomicrobia"	"c__[Spartobacteria]"	"o__[Chthoniobacterales]"	"f__[Chthoniobacteraceae]"	"g__DA101"	"s__"
"959372"	"k__Bacteria"	"p__Proteobacteria"	"c__Deltaproteobacteria"	"o__Syntrophobacterales"	"f__Syntrophobacteraceae"	"g__"	"s__"
"810882"	"k__Bacteria"	"p__Acidobacteria"	"c__Acidobacteria-6"	"o__iii1-15"	"f__mb2424"	"g__"	"s__"
"906820"	"k__Bacteria"	"p__Proteobacteria"	"c__Alphaproteobacteria"	"o__Rhodospirillales"	"f__Rhodospirillaceae"	"g__Skermanella"	"s__"
"1068902"	"k__Bacteria"	"p__Actinobacteria"	"c__Actinobacteria"	"o__Actinomycetales"	"f__Nocardioidaceae"	"g__Aeromicrobium"	"s__"
"854930"	"k__Bacteria"	"p__Bacteroidetes"	"c__[Saprospirae]"	"o__[Saprospirales]"	"f__Chitinophagaceae"	"g__"	"s__"
"205244"	"k__Bacteria"	"p__Acidobacteria"	"c__Acidobacteria-6"	"o__iii1-15"	"f__"	"g__"	"s__"
"944435"	"k__Bacteria"	"p__Proteobacteria"	"c__Deltaproteobacteria"	"o__Myxococcales"	"f__Haliangiaceae"	"g__"	"s__"
"822806"	"k__Bacteria"	"p__Chloroflexi"	"c__Anaerolineae"	"o__SBR1031"	"f__A4b"	"g__"	"s__"
"17991"	"k__Bacteria"	"p__Actinobacteria"	"c__Actinobacteria"	"o__Actinomycetales"	"f__Micromonosporaceae"	"g__Actinoplanes"	"s__"
"250148"	"k__Bacteria"	"p__Actinobacteria"	"c__Actinobacteria"	"o__Actinomycetales"	"f__Kineosporiaceae"	"g__"	"s__"
"878714"	"k__Bacteria"	"p__Bacteroidetes"	"c__[Saprospirae]"	"o__[Saprospirales]"	"f__Chitinophagaceae"	"g__"	"s__"
"562332"	"k__Bacteria"	"p__Actinobacteria"	"c__Acidimicrobiia"	"o__Acidimicrobiales"	"f__"	"g__"	"s__"
"3609950"	"k__Bacteria"	"p__Acidobacteria"	"c__Acidobacteria-5"	"o__"	"f__"	"g__"	"s__"
"4339351"	"k__Bacteria"	"p__Bacteroidetes"	"c__Sphingobacteriia"	"o__Sphingobacteriales"	"f__Sphingobacteriaceae"	"g__Pedobacter"	"s__"
"664216"	"k__Bacteria"	"p__Acidobacteria"	"c__[Chloracidobacteria]"	"o__RB41"	"f__"	"g__"	"s__"
"1028953"	"k__Bacteria"	"p__Verrucomicrobia"	"c__Verrucomicrobiae"	"o__Verrucomicrobiales"	"f__Verrucomicrobiaceae"	"g__Luteolibacter"	"s__"
"1053775"	"k__Bacteria"	"p__Proteobacteria"	"c__Alphaproteobacteria"	"o__Rhizobiales"	"f__Hyphomicrobiaceae"	"g__Devosia"	"s__"
"4320381"	"k__Bacteria"	"p__Proteobacteria"	"c__Gammaproteobacteria"	"o__Xanthomonadales"	"f__Sinobacteraceae"	"g__"	"s__"
"968121"	"k__Bacteria"	"p__Actinobacteria"	"c__Actinobacteria"	"o__Actinomycetales"	"f__Nocardioidaceae"	"g__"	"s__"
"1105814"	"k__Bacteria"	"p__Proteobacteria"	"c__Alphaproteobacteria"	"o__Rhizobiales"	"f__Bradyrhizobiaceae"	"g__Bradyrhizobium"	"s__"
"987899"	"k__Bacteria"	"p__Actinobacteria"	"c__Acidimicrobiia"	"o__Acidimicrobiales"	"f__"	"g__"	"s__"
"535678"	"k__Bacteria"	"p__Actinobacteria"	"c__Actinobacteria"	"o__Actinomycetales"	"f__Streptomycetaceae"	"g__Amycolatopsis"	"s__coloradensis"
"1118109"	"k__Bacteria"	"p__Proteobacteria"	"c__Betaproteobacteria"	"o__MND1"	"f__"	"g__"	"s__"
"946179"	"k__Bacteria"	"p__Actinobacteria"	"c__MB-A2-108"	"o__0319-7L14"	"f__"	"g__"	"s__"
"313833"	"k__Bacteria"	"p__Proteobacteria"	"c__Deltaproteobacteria"	"o__Myxococcales"	"f__Haliangiaceae"	"g__"	"s__"
"358590"	"k__Bacteria"	"p__Gemmatimonadetes"	"c__Gemm-1"	"o__"	"f__"	"g__"	"s__"
"249571"	"k__Bacteria"	"p__Actinobacteria"	"c__Actinobacteria"	"o__Actinomycetales"	"f__Micromonosporaceae"	"g__"	"s__"
"1106748"	"k__Bacteria"	"p__Verrucomicrobia"	"c__[Pedosphaerae]"	"o__[Pedosphaerales]"	"f__OPB35"	"g__"	"s__"
"4476891"	"k__Bacteria"	"p__Proteobacteria"	"c__Alphaproteobacteria"	"o__Sphingomonadales"	"f__Erythrobacteraceae"	"g__"	"s__"
"541511"	"k__Bacteria"	"p__Bacteroidetes"	"c__Cytophagia"	"o__Cytophagales"	"f__Cytophagaceae"	"g__"	"s__"
"1106324"	"k__Bacteria"	"p__Proteobacteria"	"c__Betaproteobacteria"	"o__Burkholderiales"	"f__Comamonadaceae"	"g__"	"s__"
"150877"	"k__Bacteria"	"p__Proteobacteria"	"c__Alphaproteobacteria"	"o__Rhizobiales"	"f__Hyphomicrobiaceae"	"g__Rhodoplanes"	"s__"
"1115404"	"k__Bacteria"	"p__Bacteroidetes"	"c__[Saprospirae]"	"o__[Saprospirales]"	"f__Saprospiraceae"	"g__"	"s__"
"811449"	"k__Bacteria"	"p__Proteobacteria"	"c__Alphaproteobacteria"	"o__Caulobacterales"	"f__Caulobacteraceae"	"g__"	"s__"
"350446"	"k__Bacteria"	"p__Acidobacteria"	"c__Solibacteres"	"o__Solibacterales"	"f__Solibacteraceae"	"g__Candidatus Solibacter"	"s__"
"788268"	"k__Bacteria"	"p__Actinobacteria"	"c__Actinobacteria"	"o__Actinomycetales"	"f__Cellulomonadaceae"	"g__Cellulomonas"	"s__"
"1110303"	"k__Bacteria"	"p__Proteobacteria"	"c__Gammaproteobacteria"	"o__Xanthomonadales"	"f__Sinobacteraceae"	"g__"	"s__"
"591683"	"k__Bacteria"	"p__Proteobacteria"	"c__Alphaproteobacteria"	"o__Rhizobiales"	"f__Hyphomicrobiaceae"	"g__Pedomicrobium"	"s__"
"254949"	"k__Bacteria"	"p__Proteobacteria"	"c__Deltaproteobacteria"	"o__Myxococcales"	"f__"	"g__"	"s__"
"216748"	"k__Bacteria"	"p__Proteobacteria"	"c__Alphaproteobacteria"	"o__Rhizobiales"	"f__Hyphomicrobiaceae"	"g__Rhodoplanes"	"s__"
"222900"	"k__Bacteria"	"p__Proteobacteria"	"c__Deltaproteobacteria"	"o__Myxococcales"	"f__Polyangiaceae"	"g__"	"s__"
"984175"	"k__Bacteria"	"p__Actinobacteria"	"c__Acidimicrobiia"	"o__Acidimicrobiales"	"f__"	"g__"	"s__"
"610753"	"k__Bacteria"	"p__Proteobacteria"	"c__Alphaproteobacteria"	"o__Rhizobiales"	"f__Phyllobacteriaceae"	"g__"	"s__"
"672471"	"k__Bacteria"	"p__Proteobacteria"	"c__Deltaproteobacteria"	"o__Syntrophobacterales"	"f__Syntrophobacteraceae"	"g__"	"s__"
"893232"	"k__Bacteria"	"p__Proteobacteria"	"c__Alphaproteobacteria"	"o__Rhodospirillales"	"f__"	"g__"	"s__"
"1107128"	"k__Bacteria"	"p__Verrucomicrobia"	"c__[Spartobacteria]"	"o__[Chthoniobacterales]"	"f__[Chthoniobacteraceae]"	"g__DA101"	"s__"
"791738"	"k__Bacteria"	"p__Proteobacteria"	"c__Betaproteobacteria"	"o__Burkholderiales"	"f__Comamonadaceae"	"g__"	"s__"
"551895"	"k__Bacteria"	"p__Bacteroidetes"	"c__[Saprospirae]"	"o__[Saprospirales]"	"f__Chitinophagaceae"	"g__"	"s__"
"578508"	"k__Bacteria"	"p__Verrucomicrobia"	"c__[Spartobacteria]"	"o__[Chthoniobacterales]"	"f__[Chthoniobacteraceae]"	"g__Candidatus Xiphinematobacter"	"s__"
"370301"	"k__Bacteria"	"p__Proteobacteria"	"c__Alphaproteobacteria"	"o__Rhodospirillales"	"f__Acetobacteraceae"	"g__Roseomonas"	"s__"
"173004"	"k__Bacteria"	"p__Nitrospirae"	"c__Nitrospira"	"o__Nitrospirales"	"f__Nitrospiraceae"	"g__Nitrospira"	"s__"
"754410"	"k__Bacteria"	"p__Proteobacteria"	"c__Alphaproteobacteria"	"o__Sphingomonadales"	"f__Sphingomonadaceae"	"g__"	"s__"
"1059762"	"k__Bacteria"	"p__Proteobacteria"	"c__Gammaproteobacteria"	"o__Xanthomonadales"	"f__Sinobacteraceae"	"g__"	"s__"
"1144575"	"k__Bacteria"	"p__Proteobacteria"	"c__Deltaproteobacteria"	"o__Myxococcales"	"f__"	"g__"	"s__"
"1080447"	"k__Bacteria"	"p__Acidobacteria"	"c__Acidobacteria-6"	"o__iii1-15"	"f__"	"g__"	"s__"
"3276016"	"k__Bacteria"	"p__Planctomycetes"	"c__Planctomycetia"	"o__Gemmatales"	"f__Gemmataceae"	"g__"	"s__"
"141365"	"k__Bacteria"	"p__Proteobacteria"	"c__Gammaproteobacteria"	"o__Pseudomonadales"	"f__Pseudomonadaceae"	"g__"	"s__"
"2259380"	"k__Bacteria"	"p__Bacteroidetes"	"c__Sphingobacteriia"	"o__Sphingobacteriales"	"f__"	"g__"	"s__"
"994823"	"k__Bacteria"	"p__Actinobacteria"	"c__Thermoleophilia"	"o__Solirubrobacterales"	"f__Patulibacteraceae"	"g__"	"s__"
"865520"	"k__Bacteria"	"p__Bacteroidetes"	"c__[Saprospirae]"	"o__[Saprospirales]"	"f__Chitinophagaceae"	"g__"	"s__"
"538315"	"k__Bacteria"	"p__Actinobacteria"	"c__Actinobacteria"	"o__Actinomycetales"	"f__Pseudonocardiaceae"	"g__Pseudonocardia"	"s__"
"102024"	"k__Bacteria"	"p__Verrucomicrobia"	"c__[Pedosphaerae]"	"o__[Pedosphaerales]"	"f__Ellin515"	"g__"	"s__"
"676066"	"k__Bacteria"	"p__Proteobacteria"	"c__Alphaproteobacteria"	"o__Rhizobiales"	"f__Bradyrhizobiaceae"	"g__Bradyrhizobium"	"s__"
"559780"	"k__Bacteria"	"p__Proteobacteria"	"c__Gammaproteobacteria"	"o__Xanthomonadales"	"f__Sinobacteraceae"	"g__"	"s__"
"249773"	"k__Bacteria"	"p__Actinobacteria"	"c__Thermoleophilia"	"o__Gaiellales"	"f__Gaiellaceae"	"g__"	"s__"
"209233"	"k__Bacteria"	"p__Bacteroidetes"	"c__[Saprospirae]"	"o__[Saprospirales]"	"f__Chitinophagaceae"	"g__"	"s__"
"1071316"	"k__Bacteria"	"p__Bacteroidetes"	"c__[Saprospirae]"	"o__[Saprospirales]"	"f__Chitinophagaceae"	"g__Flavisolibacter"	"s__"
"709971"	"k__Bacteria"	"p__Proteobacteria"	"c__Alphaproteobacteria"	"o__Rhizobiales"	"f__Bradyrhizobiaceae"	"g__Pseudomonas"	"s__carboxydohydrogena"
"356083"	"k__Bacteria"	"p__Acidobacteria"	"c__Solibacteres"	"o__Solibacterales"	"f__"	"g__"	"s__"
"879040"	"k__Bacteria"	"p__Proteobacteria"	"c__Alphaproteobacteria"	"o__Sphingomonadales"	"f__Sphingomonadaceae"	"g__Kaistobacter"	"s__"
"210344"	"k__Bacteria"	"p__Proteobacteria"	"c__Alphaproteobacteria"	"o__Rhizobiales"	"f__Hyphomicrobiaceae"	"g__Pedomicrobium"	"s__"
"4350559"	"k__Bacteria"	"p__Gemmatimonadetes"	"c__Gemm-1"	"o__"	"f__"	"g__"	"s__"
"1069213"	"k__Bacteria"	"p__Bacteroidetes"	"c__[Saprospirae]"	"o__[Saprospirales]"	"f__Chitinophagaceae"	"g__"	"s__"
"624858"	"k__Bacteria"	"p__Acidobacteria"	"c__[Chloracidobacteria]"	"o__11-24"	"f__"	"g__"	"s__"
"4369011"	"k__Bacteria"	"p__Verrucomicrobia"	"c__[Pedosphaerae]"	"o__[Pedosphaerales]"	"f__"	"g__"	"s__"
"654742"	"k__Bacteria"	"p__Proteobacteria"	"c__Alphaproteobacteria"	"o__Sphingomonadales"	"f__Sphingomonadaceae"	"g__Kaistobacter"	"s__"
"367995"	"k__Bacteria"	"p__Proteobacteria"	"c__Alphaproteobacteria"	"o__Sphingomonadales"	"f__Sphingomonadaceae"	"g__Kaistobacter"	"s__"
"833645"	"k__Bacteria"	"p__Firmicutes"	"c__Bacilli"	"o__Bacillales"	"f__"	"g__"	"s__"
"800292"	"k__Bacteria"	"p__Proteobacteria"	"c__Alphaproteobacteria"	"o__Rhizobiales"	"f__"	"g__"	"s__"
"217929"	"k__Bacteria"	"p__Verrucomicrobia"	"c__[Pedosphaerae]"	"o__[Pedosphaerales]"	"f__"	"g__"	"s__"
"592301"	"k__Bacteria"	"p__Proteobacteria"	"c__Betaproteobacteria"	"o__Burkholderiales"	"f__Comamonadaceae"	"g__"	"s__"
"922761"	"k__Bacteria"	"p__Proteobacteria"	"c__Gammaproteobacteria"	"o__Enterobacteriales"	"f__Enterobacteriaceae"	"g__Erwinia"	"s__"
"810700"	"k__Bacteria"	"p__Proteobacteria"	"c__Alphaproteobacteria"	"o__Rhodospirillales"	"f__Rhodospirillaceae"	"g__"	"s__"
"1111883"	"k__Bacteria"	"p__Gemmatimonadetes"	"c__Gemm-1"	"o__"	"f__"	"g__"	"s__"
"814282"	"k__Bacteria"	"p__Proteobacteria"	"c__Alphaproteobacteria"	"o__Sphingomonadales"	"f__Erythrobacteraceae"	"g__"	"s__"
"588861"	"k__Bacteria"	"p__Chloroflexi"	"c__Chloroflexi"	"o__[Roseiflexales]"	"f__[Kouleothrixaceae]"	"g__"	"s__"
"225453"	"k__Bacteria"	"p__Proteobacteria"	"c__Gammaproteobacteria"	"o__Alteromonadales"	"f__Alteromonadaceae"	"g__Cellvibrio"	"s__"
"993474"	"k__Bacteria"	"p__Actinobacteria"	"c__Actinobacteria"	"o__Actinomycetales"	"f__Pseudonocardiaceae"	"g__Pseudonocardia"	"s__"
"969805"	"k__Bacteria"	"p__Proteobacteria"	"c__Alphaproteobacteria"	"o__Rhizobiales"	"f__Rhizobiaceae"	"g__Agrobacterium"	"s__"
"662808"	"k__Bacteria"	"p__Firmicutes"	"c__Bacilli"	"o__Bacillales"	"f__Paenibacillaceae"	"g__Paenibacillus"	"s__chondroitinus"
"920852"	"k__Bacteria"	"p__Actinobacteria"	"c__Actinobacteria"	"o__Actinomycetales"	"f__Streptomycetaceae"	"g__Streptomyces"	"s__mirabilis"
"223441"	"k__Bacteria"	"p__Actinobacteria"	"c__Acidimicrobiia"	"o__Acidimicrobiales"	"f__"	"g__"	"s__"
"4358255"	"k__Bacteria"	"p__Proteobacteria"	"c__Deltaproteobacteria"	"o__Myxococcales"	"f__"	"g__"	"s__"
"812809"	"k__Bacteria"	"p__Acidobacteria"	"c__Acidobacteria-5"	"o__"	"f__"	"g__"	"s__"
"513073"	"k__Bacteria"	"p__Proteobacteria"	"c__Alphaproteobacteria"	"o__Rhizobiales"	"f__Hyphomicrobiaceae"	"g__Hyphomicrobium"	"s__"
"1024056"	"k__Bacteria"	"p__Proteobacteria"	"c__Alphaproteobacteria"	"o__Rhodospirillales"	"f__Rhodospirillaceae"	"g__"	"s__"
"564004"	"k__Bacteria"	"p__Proteobacteria"	"c__Alphaproteobacteria"	"o__Rhodospirillales"	"f__Rhodospirillaceae"	"g__"	"s__"
"223764"	"k__Bacteria"	"p__Actinobacteria"	"c__Thermoleophilia"	"o__Solirubrobacterales"	"f__"	"g__"	"s__"
"552186"	"k__Bacteria"	"p__Verrucomicrobia"	"c__[Pedosphaerae]"	"o__[Pedosphaerales]"	"f__"	"g__"	"s__"
"208595"	"k__Bacteria"	"p__Bacteroidetes"	"c__[Saprospirae]"	"o__[Saprospirales]"	"f__Saprospiraceae"	"g__"	"s__"
"587313"	"k__Bacteria"	"p__Acidobacteria"	"c__Acidobacteria-6"	"o__iii1-15"	"f__"	"g__"	"s__"
"850135"	"k__Bacteria"	"p__Proteobacteria"	"c__Betaproteobacteria"	"o__Burkholderiales"	"f__Comamonadaceae"	"g__"	"s__"
"510204"	"k__Bacteria"	"p__Actinobacteria"	"c__Actinobacteria"	"o__Actinomycetales"	"f__Streptomycetaceae"	"g__Streptomyces"	"s__exfoliatus"
"48487"	"k__Bacteria"	"p__Proteobacteria"	"c__Deltaproteobacteria"	"o__Myxococcales"	"f__"	"g__"	"s__"
"284171"	"k__Bacteria"	"p__Chloroflexi"	"c__Ellin6529"	"o__"	"f__"	"g__"	"s__"
"940828"	"k__Bacteria"	"p__Actinobacteria"	"c__Actinobacteria"	"o__Actinomycetales"	"f__Micromonosporaceae"	"g__"	"s__"
"1096572"	"k__Bacteria"	"p__Actinobacteria"	"c__Thermoleophilia"	"o__Gaiellales"	"f__Gaiellaceae"	"g__"	"s__"
"142247"	"k__Bacteria"	"p__Bacteroidetes"	"c__Cytophagia"	"o__Cytophagales"	"f__Cytophagaceae"	"g__"	"s__"
"358664"	"k__Bacteria"	"p__Verrucomicrobia"	"c__[Spartobacteria]"	"o__[Chthoniobacterales]"	"f__[Chthoniobacteraceae]"	"g__"	"s__"
"575688"	"k__Bacteria"	"p__Bacteroidetes"	"c__Sphingobacteriia"	"o__Sphingobacteriales"	"f__Sphingobacteriaceae"	"g__Pedobacter"	"s__"
"580625"	"k__Bacteria"	"p__Proteobacteria"	"c__Alphaproteobacteria"	"o__Rhizobiales"	"f__Bradyrhizobiaceae"	"g__"	"s__"
"1116937"	"k__Bacteria"	"p__Verrucomicrobia"	"c__[Pedosphaerae]"	"o__[Pedosphaerales]"	"f__"	"g__"	"s__"
"1104437"	"k__Bacteria"	"p__Bacteroidetes"	"c__[Saprospirae]"	"o__[Saprospirales]"	"f__Saprospiraceae"	"g__"	"s__"
"918840"	"k__Bacteria"	"p__Actinobacteria"	"c__Actinobacteria"	"o__Actinomycetales"	"f__Pseudonocardiaceae"	"g__Pseudonocardia"	"s__"
"929699"	"k__Bacteria"	"p__Verrucomicrobia"	"c__[Spartobacteria]"	"o__[Chthoniobacterales]"	"f__[Chthoniobacteraceae]"	"g__DA101"	"s__"
"562922"	"k__Bacteria"	"p__Chloroflexi"	"c__Gitt-GS-136"	"o__"	"f__"	"g__"	"s__"
"591340"	"k__Bacteria"	"p__Proteobacteria"	"c__Betaproteobacteria"	"o__Ellin6067"	"f__"	"g__"	"s__"
"828127"	"k__Bacteria"	"p__Proteobacteria"	"c__Deltaproteobacteria"	"o__NB1-j"	"f__NB1-i"	"g__"	"s__"
"1104733"	"k__Bacteria"	"p__Proteobacteria"	"c__Betaproteobacteria"	"o__Burkholderiales"	"f__Comamonadaceae"	"g__"	"s__"
"207082"	"k__Bacteria"	"p__Proteobacteria"	"c__Betaproteobacteria"	"o__Ellin6067"	"f__"	"g__"	"s__"
"20428"	"k__Bacteria"	"p__Bacteroidetes"	"c__Cytophagia"	"o__Cytophagales"	"f__Cytophagaceae"	"g__"	"s__"
"512148"	"k__Bacteria"	"p__Actinobacteria"	"c__Thermoleophilia"	"o__Solirubrobacterales"	"f__"	"g__"	"s__"
"545548"	"k__Bacteria"	"p__Chloroflexi"	"c__Chloroflexi"	"o__[Roseiflexales]"	"f__[Kouleothrixaceae]"	"g__"	"s__"
"562604"	"k__Bacteria"	"p__Proteobacteria"	"c__Deltaproteobacteria"	"o__[Entotheonellales]"	"f__[Entotheonellaceae]"	"g__"	"s__"
"279206"	"k__Bacteria"	"p__Proteobacteria"	"c__Deltaproteobacteria"	"o__Myxococcales"	"f__Haliangiaceae"	"g__"	"s__"
"646549"	"k__Bacteria"	"p__Proteobacteria"	"c__Gammaproteobacteria"	"o__Pseudomonadales"	"f__Pseudomonadaceae"	"g__Pseudomonas"	"s__"
"4379833"	"k__Bacteria"	"p__Bacteroidetes"	"c__Cytophagia"	"o__Cytophagales"	"f__Cytophagaceae"	"g__"	"s__"
"810167"	"k__Bacteria"	"p__Proteobacteria"	"c__Betaproteobacteria"	"o__Burkholderiales"	"f__Comamonadaceae"	"g__Methylibium"	"s__"
"3319380"	"k__Bacteria"	"p__Actinobacteria"	"c__Actinobacteria"	"o__Actinomycetales"	"f__Nocardioidaceae"	"g__"	"s__"
"225894"	"k__Bacteria"	"p__Verrucomicrobia"	"c__[Pedosphaerae]"	"o__[Pedosphaerales]"	"f__Ellin517"	"g__"	"s__"
"1107346"	"k__Bacteria"	"p__Acidobacteria"	"c__[Chloracidobacteria]"	"o__RB41"	"f__"	"g__"	"s__"
"1042519"	"k__Bacteria"	"p__Bacteroidetes"	"c__Cytophagia"	"o__Cytophagales"	"f__Cytophagaceae"	"g__"	"s__"
"547148"	"k__Bacteria"	"p__Gemmatimonadetes"	"c__Gemm-1"	"o__"	"f__"	"g__"	"s__"
"541741"	"k__Bacteria"	"p__Acidobacteria"	"c__Acidobacteria-6"	"o__iii1-15"	"f__"	"g__"	"s__"
"854050"	"k__Bacteria"	"p__Firmicutes"	"c__Bacilli"	"o__Bacillales"	"f__Bacillaceae"	"g__Bacillus"	"s__muralis"
"1093690"	"k__Bacteria"	"p__Verrucomicrobia"	"c__[Pedosphaerae]"	"o__[Pedosphaerales]"	"f__Ellin517"	"g__"	"s__"
"358785"	"k__Bacteria"	"p__Proteobacteria"	"c__Alphaproteobacteria"	"o__Rhizobiales"	"f__Hyphomicrobiaceae"	"g__Rhodoplanes"	"s__"
"820086"	"k__Bacteria"	"p__Proteobacteria"	"c__Alphaproteobacteria"	"o__Sphingomonadales"	"f__Sphingomonadaceae"	"g__"	"s__"
"4321627"	"k__Bacteria"	"p__Proteobacteria"	"c__Deltaproteobacteria"	"o__Myxococcales"	"f__"	"g__"	"s__"
"261663"	"k__Bacteria"	"p__Chloroflexi"	"c__TK10"	"o__AKYG885"	"f__Dolo_23"	"g__"	"s__"
"223126"	"k__Bacteria"	"p__Bacteroidetes"	"c__Sphingobacteriia"	"o__Sphingobacteriales"	"f__"	"g__"	"s__"
"808919"	"k__Bacteria"	"p__Proteobacteria"	"c__Deltaproteobacteria"	"o__Myxococcales"	"f__Polyangiaceae"	"g__Aetherobacter"	"s__fasciculatus"
"591157"	"k__Bacteria"	"p__Proteobacteria"	"c__Betaproteobacteria"	"o__"	"f__"	"g__"	"s__"
"693971"	"k__Bacteria"	"p__Acidobacteria"	"c__Solibacteres"	"o__Solibacterales"	"f__"	"g__"	"s__"
"940737"	"k__Bacteria"	"p__Proteobacteria"	"c__Betaproteobacteria"	"o__Burkholderiales"	"f__Comamonadaceae"	"g__Aquincola"	"s__tertiaricarbonis"
"103869"	"k__Bacteria"	"p__Gemmatimonadetes"	"c__Gemmatimonadetes"	"o__N1423WL"	"f__"	"g__"	"s__"
"410072"	"k__Bacteria"	"p__Actinobacteria"	"c__Acidimicrobiia"	"o__Acidimicrobiales"	"f__"	"g__"	"s__"
"545247"	"k__Bacteria"	"p__Proteobacteria"	"c__Alphaproteobacteria"	"o__Rhizobiales"	"f__Hyphomicrobiaceae"	"g__Rhodoplanes"	"s__"
"1020921"	"k__Bacteria"	"p__Bacteroidetes"	"c__Flavobacteriia"	"o__Flavobacteriales"	"f__Flavobacteriaceae"	"g__Flavobacterium"	"s__succinicans"
"1069076"	"k__Bacteria"	"p__Bacteroidetes"	"c__Cytophagia"	"o__Cytophagales"	"f__Cytophagaceae"	"g__Adhaeribacter"	"s__"
"822419"	"k__Bacteria"	"p__Proteobacteria"	"c__Betaproteobacteria"	"o__Burkholderiales"	"f__Oxalobacteraceae"	"g__"	"s__"
"519739"	"k__Bacteria"	"p__Planctomycetes"	"c__Planctomycetia"	"o__Pirellulales"	"f__Pirellulaceae"	"g__A17"	"s__"
"512542"	"k__Bacteria"	"p__Proteobacteria"	"c__Betaproteobacteria"	"o__"	"f__"	"g__"	"s__"
"564241"	"k__Bacteria"	"p__Acidobacteria"	"c__Acidobacteria-6"	"o__iii1-15"	"f__RB40"	"g__"	"s__"
"521158"	"k__Bacteria"	"p__Planctomycetes"	"c__Planctomycetia"	"o__Planctomycetales"	"f__Planctomycetaceae"	"g__Planctomyces"	"s__"
"1084045"	"k__Bacteria"	"p__Firmicutes"	"c__Bacilli"	"o__Bacillales"	"f__Planococcaceae"	"g__Lysinibacillus"	"s__"
"592129"	"k__Bacteria"	"p__Verrucomicrobia"	"c__Opitutae"	"o__Opitutales"	"f__Opitutaceae"	"g__Opitutus"	"s__"
"246466"	"k__Bacteria"	"p__Acidobacteria"	"c__Acidobacteria-6"	"o__iii1-15"	"f__"	"g__"	"s__"
"930055"	"k__Bacteria"	"p__Proteobacteria"	"c__Gammaproteobacteria"	"o__Xanthomonadales"	"f__Sinobacteraceae"	"g__"	"s__"
"510591"	"k__Bacteria"	"p__Bacteroidetes"	"c__[Saprospirae]"	"o__[Saprospirales]"	"f__Chitinophagaceae"	"g__"	"s__"
"46818"	"k__Bacteria"	"p__Proteobacteria"	"c__Alphaproteobacteria"	"o__Caulobacterales"	"f__Caulobacteraceae"	"g__Phenylobacterium"	"s__"
"931593"	"k__Bacteria"	"p__Actinobacteria"	"c__Actinobacteria"	"o__Actinomycetales"	"f__Micromonosporaceae"	"g__Pilimelia"	"s__"
"1108960"	"k__Bacteria"	"p__Proteobacteria"	"c__Alphaproteobacteria"	"o__Sphingomonadales"	"f__Sphingomonadaceae"	"g__Sphingomonas"	"s__"
"142373"	"k__Archaea"	"p__Crenarchaeota"	"c__Thaumarchaeota"	"o__Nitrososphaerales"	"f__Nitrososphaeraceae"	"g__Candidatus Nitrososphaera"	"s__SCA1170"
"726736"	"k__Bacteria"	"p__Proteobacteria"	"c__Deltaproteobacteria"	"o__Myxococcales"	"f__Haliangiaceae"	"g__"	"s__"
"751555"	"k__Bacteria"	"p__Proteobacteria"	"c__Alphaproteobacteria"	"o__Rhodospirillales"	"f__Rhodospirillaceae"	"g__"	"s__"
"547806"	"k__Bacteria"	"p__Actinobacteria"	"c__Actinobacteria"	"o__Actinomycetales"	"f__Actinosynnemataceae"	"g__Lentzea"	"s__albidocapillata"
"755077"	"k__Bacteria"	"p__Acidobacteria"	"c__Acidobacteria-5"	"o__"	"f__"	"g__"	"s__"
"697989"	"k__Bacteria"	"p__Acidobacteria"	"c__[Chloracidobacteria]"	"o__RB41"	"f__"	"g__"	"s__"
"989109"	"k__Bacteria"	"p__Proteobacteria"	"c__Alphaproteobacteria"	"o__Sphingomonadales"	"f__Sphingomonadaceae"	"g__Kaistobacter"	"s__"
"4348098"	"k__Bacteria"	"p__Verrucomicrobia"	"c__Verrucomicrobiae"	"o__Verrucomicrobiales"	"f__Verrucomicrobiaceae"	"g__"	"s__"
"585878"	"k__Bacteria"	"p__WS3"	"c__PRR-12"	"o__Sediment-1"	"f__"	"g__"	"s__"
"236583"	"k__Bacteria"	"p__Actinobacteria"	"c__Thermoleophilia"	"o__Solirubrobacterales"	"f__"	"g__"	"s__"
"1008533"	"k__Bacteria"	"p__Bacteroidetes"	"c__Cytophagia"	"o__Cytophagales"	"f__Cytophagaceae"	"g__"	"s__"
"144633"	"k__Bacteria"	"p__Chloroflexi"	"c__Anaerolineae"	"o__H39"	"f__"	"g__"	"s__"
"718335"	"k__Bacteria"	"p__Actinobacteria"	"c__Acidimicrobiia"	"o__Acidimicrobiales"	"f__C111"	"g__"	"s__"
"4318356"	"k__Bacteria"	"p__Verrucomicrobia"	"c__[Spartobacteria]"	"o__[Chthoniobacterales]"	"f__[Chthoniobacteraceae]"	"g__"	"s__"
"353494"	"k__Bacteria"	"p__Bacteroidetes"	"c__[Saprospirae]"	"o__[Saprospirales]"	"f__Chitinophagaceae"	"g__Niastella"	"s__"
"584331"	"k__Bacteria"	"p__Actinobacteria"	"c__Actinobacteria"	"o__Actinomycetales"	"f__Streptomycetaceae"	"g__Streptomyces"	"s__"
"532125"	"k__Bacteria"	"p__Chloroflexi"	"c__Anaerolineae"	"o__Caldilineales"	"f__Caldilineaceae"	"g__"	"s__"
"128177"	"k__Bacteria"	"p__Chloroflexi"	"c__Ellin6529"	"o__"	"f__"	"g__"	"s__"
"1106130"	"k__Bacteria"	"p__Actinobacteria"	"c__Actinobacteria"	"o__Actinomycetales"	"f__Streptomycetaceae"	"g__"	"s__"
"864304"	"k__Bacteria"	"p__Actinobacteria"	"c__Thermoleophilia"	"o__Solirubrobacterales"	"f__"	"g__"	"s__"
"647472"	"k__Bacteria"	"p__Acidobacteria"	"c__Acidobacteria-6"	"o__iii1-15"	"f__"	"g__"	"s__"
"576059"	"k__Bacteria"	"p__Acidobacteria"	"c__Solibacteres"	"o__Solibacterales"	"f__Solibacteraceae"	"g__Candidatus Solibacter"	"s__"
"1051459"	"k__Bacteria"	"p__Proteobacteria"	"c__Betaproteobacteria"	"o__Burkholderiales"	"f__Comamonadaceae"	"g__"	"s__"
"494339"	"k__Bacteria"	"p__Proteobacteria"	"c__Alphaproteobacteria"	"o__Sphingomonadales"	"f__Sphingomonadaceae"	"g__Sphingomonas"	"s__wittichii"
"13332"	"k__Bacteria"	"p__Actinobacteria"	"c__Actinobacteria"	"o__Actinomycetales"	"f__Williamsiaceae"	"g__Williamsia"	"s__"
"802011"	"k__Bacteria"	"p__Proteobacteria"	"c__Betaproteobacteria"	"o__Methylophilales"	"f__Methylophilaceae"	"g__"	"s__"
"1021984"	"k__Bacteria"	"p__Proteobacteria"	"c__Deltaproteobacteria"	"o__Myxococcales"	"f__"	"g__"	"s__"
"509899"	"k__Bacteria"	"p__Acidobacteria"	"c__iii1-8"	"o__DS-18"	"f__"	"g__"	"s__"
"996116"	"k__Bacteria"	"p__Actinobacteria"	"c__Actinobacteria"	"o__Actinomycetales"	"f__Nocardioidaceae"	"g__"	"s__"
"336745"	"k__Bacteria"	"p__Proteobacteria"	"c__Deltaproteobacteria"	"o__Myxococcales"	"f__"	"g__"	"s__"
"552687"	"k__Bacteria"	"p__Proteobacteria"	"c__Alphaproteobacteria"	"o__Sphingomonadales"	"f__Sphingomonadaceae"	"g__Sphingomonas"	"s__wittichii"
"358068"	"k__Bacteria"	"p__Proteobacteria"	"c__Betaproteobacteria"	"o__Burkholderiales"	"f__Comamonadaceae"	"g__Methylibium"	"s__"
"220353"	"k__Bacteria"	"p__Chloroflexi"	"c__Chloroflexi"	"o__[Roseiflexales]"	"f__[Kouleothrixaceae]"	"g__"	"s__"
"591747"	"k__Bacteria"	"p__Actinobacteria"	"c__Thermoleophilia"	"o__Gaiellales"	"f__Gaiellaceae"	"g__"	"s__"
"314599"	"k__Bacteria"	"p__Gemmatimonadetes"	"c__Gemm-1"	"o__"	"f__"	"g__"	"s__"
"876519"	"k__Bacteria"	"p__Proteobacteria"	"c__Alphaproteobacteria"	"o__Rhizobiales"	"f__Hyphomicrobiaceae"	"g__"	"s__"
"699318"	"k__Bacteria"	"p__Proteobacteria"	"c__Alphaproteobacteria"	"o__Sphingomonadales"	"f__Sphingomonadaceae"	"g__"	"s__"
"361264"	"k__Bacteria"	"p__Acidobacteria"	"c__Acidobacteria-6"	"o__iii1-15"	"f__"	"g__"	"s__"
"1106471"	"k__Bacteria"	"p__Actinobacteria"	"c__Actinobacteria"	"o__Actinomycetales"	"f__Nocardioidaceae"	"g__"	"s__"
"58633"	"k__Bacteria"	"p__Bacteroidetes"	"c__[Saprospirae]"	"o__[Saprospirales]"	"f__Chitinophagaceae"	"g__Chitinophaga"	"s__"
"1015227"	"k__Bacteria"	"p__Actinobacteria"	"c__Actinobacteria"	"o__Actinomycetales"	"f__Nocardioidaceae"	"g__"	"s__"
"142233"	"k__Bacteria"	"p__Verrucomicrobia"	"c__Opitutae"	"o__Opitutales"	"f__Opitutaceae"	"g__Opitutus"	"s__"
"811424"	"k__Bacteria"	"p__Verrucomicrobia"	"c__Opitutae"	"o__Opitutales"	"f__Opitutaceae"	"g__"	"s__"
"273690"	"k__Bacteria"	"p__Planctomycetes"	"c__Planctomycetia"	"o__Pirellulales"	"f__Pirellulaceae"	"g__"	"s__"
"551344"	"k__Bacteria"	"p__Actinobacteria"	"c__Thermoleophilia"	"o__Gaiellales"	"f__Gaiellaceae"	"g__"	"s__"
"859157"	"k__Bacteria"	"p__Actinobacteria"	"c__Acidimicrobiia"	"o__Acidimicrobiales"	"f__C111"	"g__"	"s__"
"538111"	"k__Bacteria"	"p__Actinobacteria"	"c__Actinobacteria"	"o__Actinomycetales"	"f__Intrasporangiaceae"	"g__"	"s__"
"790384"	"k__Bacteria"	"p__Actinobacteria"	"c__Actinobacteria"	"o__Actinomycetales"	"f__Microbacteriaceae"	"g__"	"s__"
"252274"	"k__Bacteria"	"p__Proteobacteria"	"c__Alphaproteobacteria"	"o__Rhizobiales"	"f__"	"g__"	"s__"
"213308"	"k__Bacteria"	"p__Chloroflexi"	"c__Thermomicrobia"	"o__JG30-KF-CM45"	"f__"	"g__"	"s__"
"570595"	"k__Bacteria"	"p__Acidobacteria"	"c__Solibacteres"	"o__Solibacterales"	"f__"	"g__"	"s__"
"2068089"	"k__Bacteria"	"p__Acidobacteria"	"c__Acidobacteria-6"	"o__CCU21"	"f__"	"g__"	"s__"
"1142871"	"k__Bacteria"	"p__Actinobacteria"	"c__MB-A2-108"	"o__0319-7L14"	"f__"	"g__"	"s__"
"719367"	"k__Bacteria"	"p__Proteobacteria"	"c__Betaproteobacteria"	"o__Burkholderiales"	"f__Comamonadaceae"	"g__"	"s__"
"859313"	"k__Bacteria"	"p__Actinobacteria"	"c__Acidimicrobiia"	"o__Acidimicrobiales"	"f__C111"	"g__"	"s__"
"238280"	"k__Bacteria"	"p__Actinobacteria"	"c__Thermoleophilia"	"o__Solirubrobacterales"	"f__"	"g__"	"s__"
"553648"	"k__Bacteria"	"p__Proteobacteria"	"c__Gammaproteobacteria"	"o__Pseudomonadales"	"f__Pseudomonadaceae"	"g__Pseudomonas"	"s__"
"1087325"	"k__Bacteria"	"p__Actinobacteria"	"c__Actinobacteria"	"o__Actinomycetales"	"f__Streptomycetaceae"	"g__"	"s__"
"583489"	"k__Bacteria"	"p__Proteobacteria"	"c__Betaproteobacteria"	"o__"	"f__"	"g__"	"s__"
"837424"	"k__Bacteria"	"p__Proteobacteria"	"c__Alphaproteobacteria"	"o__Rhodobacterales"	"f__Hyphomonadaceae"	"g__"	"s__"
"1052559"	"k__Bacteria"	"p__Proteobacteria"	"c__Alphaproteobacteria"	"o__Sphingomonadales"	"f__Sphingomonadaceae"	"g__"	"s__"
"657034"	"k__Bacteria"	"p__Acidobacteria"	"c__Acidobacteria-6"	"o__iii1-15"	"f__"	"g__"	"s__"
"216643"	"k__Bacteria"	"p__Proteobacteria"	"c__Betaproteobacteria"	"o__SC-I-84"	"f__"	"g__"	"s__"
"698517"	"k__Bacteria"	"p__Proteobacteria"	"c__Betaproteobacteria"	"o__Ellin6067"	"f__"	"g__"	"s__"
"1056070"	"k__Bacteria"	"p__Proteobacteria"	"c__Alphaproteobacteria"	"o__Rhizobiales"	"f__Hyphomicrobiaceae"	"g__Hyphomicrobium"	"s__zavarzinii"
"553562"	"k__Bacteria"	"p__Verrucomicrobia"	"c__[Spartobacteria]"	"o__[Chthoniobacterales]"	"f__[Chthoniobacteraceae]"	"g__"	"s__"
"824723"	"k__Bacteria"	"p__Actinobacteria"	"c__Actinobacteria"	"o__Actinomycetales"	"f__Micrococcaceae"	"g__Arthrobacter"	"s__nitroguajacolicus"
"252345"	"k__Bacteria"	"p__Proteobacteria"	"c__Gammaproteobacteria"	"o__Xanthomonadales"	"f__Xanthomonadaceae"	"g__"	"s__"
"998905"	"k__Bacteria"	"p__Proteobacteria"	"c__Alphaproteobacteria"	"o__Caulobacterales"	"f__Caulobacteraceae"	"g__Mycoplana"	"s__"
"571484"	"k__Bacteria"	"p__Proteobacteria"	"c__Betaproteobacteria"	"o__Methylophilales"	"f__Methylophilaceae"	"g__"	"s__"
"4339223"	"k__Bacteria"	"p__Acidobacteria"	"c__Acidobacteria-5"	"o__"	"f__"	"g__"	"s__"
"408093"	"k__Bacteria"	"p__Actinobacteria"	"c__Actinobacteria"	"o__Actinomycetales"	"f__Micromonosporaceae"	"g__Dactylosporangium"	"s__"
"562438"	"k__Bacteria"	"p__Acidobacteria"	"c__Acidobacteria-6"	"o__iii1-15"	"f__"	"g__"	"s__"
"806201"	"k__Bacteria"	"p__Proteobacteria"	"c__Alphaproteobacteria"	"o__Rhizobiales"	"f__Phyllobacteriaceae"	"g__Mesorhizobium"	"s__"
"594040"	"k__Bacteria"	"p__Bacteroidetes"	"c__[Saprospirae]"	"o__[Saprospirales]"	"f__Chitinophagaceae"	"g__Flavisolibacter"	"s__"
"589597"	"k__Bacteria"	"p__Proteobacteria"	"c__Gammaproteobacteria"	"o__Pseudomonadales"	"f__Pseudomonadaceae"	"g__Pseudomonas"	"s__viridiflava"
"837069"	"k__Bacteria"	"p__Actinobacteria"	"c__Actinobacteria"	"o__Actinomycetales"	"f__Streptomycetaceae"	"g__Streptomyces"	"s__"
"136998"	"k__Bacteria"	"p__Verrucomicrobia"	"c__Opitutae"	"o__Opitutales"	"f__Opitutaceae"	"g__Opitutus"	"s__"
"1016118"	"k__Bacteria"	"p__Proteobacteria"	"c__Deltaproteobacteria"	"o__Myxococcales"	"f__"	"g__"	"s__"
"833957"	"k__Bacteria"	"p__Chloroflexi"	"c__Ellin6529"	"o__"	"f__"	"g__"	"s__"
"160311"	"k__Bacteria"	"p__Actinobacteria"	"c__Thermoleophilia"	"o__Gaiellales"	"f__Gaiellaceae"	"g__"	"s__"
"4308759"	"k__Bacteria"	"p__Proteobacteria"	"c__Deltaproteobacteria"	"o__Syntrophobacterales"	"f__Syntrophobacteraceae"	"g__"	"s__"
"938039"	"k__Bacteria"	"p__Bacteroidetes"	"c__[Saprospirae]"	"o__[Saprospirales]"	"f__Chitinophagaceae"	"g__"	"s__"
"4402996"	"k__Bacteria"	"p__Acidobacteria"	"c__RB25"	"o__"	"f__"	"g__"	"s__"
"952203"	"k__Bacteria"	"p__Proteobacteria"	"c__Betaproteobacteria"	"o__Burkholderiales"	"f__Oxalobacteraceae"	"g__"	"s__"
"345333"	"k__Bacteria"	"p__Proteobacteria"	"c__Alphaproteobacteria"	"o__Rhizobiales"	"f__Phyllobacteriaceae"	"g__Phyllobacterium"	"s__"
"537655"	"k__Bacteria"	"p__Nitrospirae"	"c__Nitrospira"	"o__Nitrospirales"	"f__Nitrospiraceae"	"g__Nitrospira"	"s__"
"758928"	"k__Bacteria"	"p__Bacteroidetes"	"c__[Saprospirae]"	"o__[Saprospirales]"	"f__Saprospiraceae"	"g__"	"s__"
"331521"	"k__Bacteria"	"p__Nitrospirae"	"c__Nitrospira"	"o__Nitrospirales"	"f__0319-6A21"	"g__"	"s__"
"248505"	"k__Bacteria"	"p__Proteobacteria"	"c__Alphaproteobacteria"	"o__Rhizobiales"	"f__Hyphomicrobiaceae"	"g__Rhodoplanes"	"s__"
"687206"	"k__Bacteria"	"p__Acidobacteria"	"c__[Chloracidobacteria]"	"o__RB41"	"f__Ellin6075"	"g__"	"s__"
"358489"	"k__Bacteria"	"p__Acidobacteria"	"c__Acidobacteria-6"	"o__iii1-15"	"f__mb2424"	"g__"	"s__"
"219282"	"k__Bacteria"	"p__Proteobacteria"	"c__Betaproteobacteria"	"o__Ellin6067"	"f__"	"g__"	"s__"
"217917"	"k__Bacteria"	"p__Chloroflexi"	"c__Chloroflexi"	"o__[Roseiflexales]"	"f__[Kouleothrixaceae]"	"g__"	"s__"
"250522"	"k__Bacteria"	"p__Proteobacteria"	"c__Alphaproteobacteria"	"o__"	"f__"	"g__"	"s__"
"3809681"	"k__Bacteria"	"p__Proteobacteria"	"c__Deltaproteobacteria"	"o__Myxococcales"	"f__"	"g__"	"s__"
"635391"	"k__Bacteria"	"p__Bacteroidetes"	"c__Sphingobacteriia"	"o__Sphingobacteriales"	"f__Sphingobacteriaceae"	"g__"	"s__"
"1044581"	"k__Bacteria"	"p__Actinobacteria"	"c__Thermoleophilia"	"o__Solirubrobacterales"	"f__"	"g__"	"s__"
"1072673"	"k__Bacteria"	"p__Bacteroidetes"	"c__Flavobacteriia"	"o__Flavobacteriales"	"f__Flavobacteriaceae"	"g__Flavobacterium"	"s__"
"2063454"	"k__Bacteria"	"p__Bacteroidetes"	"c__Cytophagia"	"o__Cytophagales"	"f__Cytophagaceae"	"g__"	"s__"
"336057"	"k__Bacteria"	"p__Bacteroidetes"	"c__Sphingobacteriia"	"o__Sphingobacteriales"	"f__"	"g__"	"s__"
"551647"	"k__Bacteria"	"p__Bacteroidetes"	"c__[Saprospirae]"	"o__[Saprospirales]"	"f__Chitinophagaceae"	"g__"	"s__"
"822874"	"k__Bacteria"	"p__Proteobacteria"	"c__Alphaproteobacteria"	"o__Rhizobiales"	"f__Hyphomicrobiaceae"	"g__"	"s__"
"311035"	"k__Bacteria"	"p__Actinobacteria"	"c__Thermoleophilia"	"o__Gaiellales"	"f__Gaiellaceae"	"g__"	"s__"
"819037"	"k__Bacteria"	"p__Proteobacteria"	"c__Betaproteobacteria"	"o__Burkholderiales"	"f__Comamonadaceae"	"g__Variovorax"	"s__paradoxus"
"268617"	"k__Bacteria"	"p__Bacteroidetes"	"c__[Saprospirae]"	"o__[Saprospirales]"	"f__Chitinophagaceae"	"g__"	"s__"
"895220"	"k__Bacteria"	"p__Proteobacteria"	"c__Betaproteobacteria"	"o__Burkholderiales"	"f__Comamonadaceae"	"g__Ramlibacter"	"s__"
"751138"	"k__Bacteria"	"p__Proteobacteria"	"c__Gammaproteobacteria"	"o__Xanthomonadales"	"f__Xanthomonadaceae"	"g__Lysobacter"	"s__"
"987696"	"k__Bacteria"	"p__Bacteroidetes"	"c__Sphingobacteriia"	"o__Sphingobacteriales"	"f__Sphingobacteriaceae"	"g__Pedobacter"	"s__"
"209762"	"k__Bacteria"	"p__Proteobacteria"	"c__Alphaproteobacteria"	"o__Caulobacterales"	"f__Caulobacteraceae"	"g__Phenylobacterium"	"s__"
"4302554"	"k__Bacteria"	"p__Actinobacteria"	"c__Thermoleophilia"	"o__Gaiellales"	"f__Gaiellaceae"	"g__"	"s__"
"813885"	"k__Bacteria"	"p__Proteobacteria"	"c__Betaproteobacteria"	"o__MND1"	"f__"	"g__"	"s__"
"1108483"	"k__Bacteria"	"p__Proteobacteria"	"c__Betaproteobacteria"	"o__"	"f__"	"g__"	"s__"
"207355"	"k__Bacteria"	"p__Chloroflexi"	"c__Anaerolineae"	"o__SBR1031"	"f__A4b"	"g__"	"s__"
"93175"	"k__Bacteria"	"p__Actinobacteria"	"c__Acidimicrobiia"	"o__Acidimicrobiales"	"f__Iamiaceae"	"g__Iamia"	"s__"
"759916"	"k__Bacteria"	"p__Proteobacteria"	"c__Betaproteobacteria"	"o__Burkholderiales"	"f__Oxalobacteraceae"	"g__"	"s__"
"142384"	"k__Bacteria"	"p__Proteobacteria"	"c__Betaproteobacteria"	"o__A21b"	"f__UD5"	"g__"	"s__"
"1015017"	"k__Bacteria"	"p__Proteobacteria"	"c__Deltaproteobacteria"	"o__Myxococcales"	"f__Nannocystaceae"	"g__Nannocystis"	"s__exedens"
"561885"	"k__Bacteria"	"p__Proteobacteria"	"c__Alphaproteobacteria"	"o__Rhizobiales"	"f__Rhizobiaceae"	"g__Agrobacterium"	"s__"
"891898"	"k__Bacteria"	"p__Planctomycetes"	"c__Planctomycetia"	"o__Pirellulales"	"f__Pirellulaceae"	"g__Pirellula"	"s__"
"4469039"	"k__Bacteria"	"p__Planctomycetes"	"c__Planctomycetia"	"o__Pirellulales"	"f__Pirellulaceae"	"g__"	"s__"
"957360"	"k__Bacteria"	"p__Actinobacteria"	"c__Thermoleophilia"	"o__Gaiellales"	"f__Gaiellaceae"	"g__"	"s__"
"824826"	"k__Bacteria"	"p__Proteobacteria"	"c__Alphaproteobacteria"	"o__"	"f__"	"g__"	"s__"
"354765"	"k__Bacteria"	"p__Actinobacteria"	"c__Actinobacteria"	"o__Actinomycetales"	"f__Micromonosporaceae"	"g__Verrucosispora"	"s__gifhornensis"
"1812611"	"k__Bacteria"	"p__Bacteroidetes"	"c__[Saprospirae]"	"o__[Saprospirales]"	"f__Chitinophagaceae"	"g__"	"s__"
"248395"	"k__Bacteria"	"p__Proteobacteria"	"c__Alphaproteobacteria"	"o__Caulobacterales"	"f__Caulobacteraceae"	"g__Caulobacter"	"s__"
"729145"	"k__Bacteria"	"p__Acidobacteria"	"c__Solibacteres"	"o__Solibacterales"	"f__Solibacteraceae"	"g__Candidatus Solibacter"	"s__"
"717396"	"k__Bacteria"	"p__Acidobacteria"	"c__Acidobacteria-6"	"o__iii1-15"	"f__"	"g__"	"s__"
"942852"	"k__Bacteria"	"p__Proteobacteria"	"c__Betaproteobacteria"	"o__Burkholderiales"	"f__Comamonadaceae"	"g__Aquabacterium"	"s__"
"968261"	"k__Bacteria"	"p__Actinobacteria"	"c__Thermoleophilia"	"o__Solirubrobacterales"	"f__"	"g__"	"s__"
"1052235"	"k__Bacteria"	"p__Proteobacteria"	"c__Deltaproteobacteria"	"o__Myxococcales"	"f__Haliangiaceae"	"g__"	"s__"
"673712"	"k__Bacteria"	"p__Acidobacteria"	"c__RB25"	"o__"	"f__"	"g__"	"s__"
"763448"	"k__Bacteria"	"p__Acidobacteria"	"c__Acidobacteria-6"	"o__iii1-15"	"f__"	"g__"	"s__"
"555384"	"k__Bacteria"	"p__Actinobacteria"	"c__Actinobacteria"	"o__Actinomycetales"	"f__Streptosporangiaceae"	"g__Nonomuraea"	"s__"
"1110625"	"k__Bacteria"	"p__Actinobacteria"	"c__Thermoleophilia"	"o__Solirubrobacterales"	"f__"	"g__"	"s__"
"2834426"	"k__Bacteria"	"p__Acidobacteria"	"c__iii1-8"	"o__DS-18"	"f__"	"g__"	"s__"
"974121"	"k__Bacteria"	"p__Proteobacteria"	"c__Gammaproteobacteria"	"o__Pseudomonadales"	"f__Pseudomonadaceae"	"g__Pseudomonas"	"s__"
"1060474"	"k__Bacteria"	"p__Actinobacteria"	"c__Actinobacteria"	"o__Actinomycetales"	"f__"	"g__"	"s__"
"297615"	"k__Bacteria"	"p__Actinobacteria"	"c__Acidimicrobiia"	"o__Acidimicrobiales"	"f__EB1017"	"g__"	"s__"
"1106617"	"k__Bacteria"	"p__Proteobacteria"	"c__Betaproteobacteria"	"o__Burkholderiales"	"f__Comamonadaceae"	"g__"	"s__"
"571700"	"k__Bacteria"	"p__Chloroflexi"	"c__S085"	"o__"	"f__"	"g__"	"s__"
"332557"	"k__Bacteria"	"p__Proteobacteria"	"c__Gammaproteobacteria"	"o__Pseudomonadales"	"f__Pseudomonadaceae"	"g__"	"s__"
"536008"	"k__Bacteria"	"p__Proteobacteria"	"c__Gammaproteobacteria"	"o__Xanthomonadales"	"f__Xanthomonadaceae"	"g__"	"s__"
"1087471"	"k__Bacteria"	"p__Bacteroidetes"	"c__Sphingobacteriia"	"o__Sphingobacteriales"	"f__"	"g__"	"s__"
"2324042"	"k__Bacteria"	"p__Proteobacteria"	"c__Alphaproteobacteria"	"o__Sphingomonadales"	"f__Sphingomonadaceae"	"g__"	"s__"
"361372"	"k__Bacteria"	"p__Bacteroidetes"	"c__Cytophagia"	"o__Cytophagales"	"f__"	"g__"	"s__"
"1074016"	"k__Bacteria"	"p__Proteobacteria"	"c__Betaproteobacteria"	"o__Burkholderiales"	"f__Oxalobacteraceae"	"g__"	"s__"
"112867"	"k__Bacteria"	"p__Chloroflexi"	"c__Ellin6529"	"o__"	"f__"	"g__"	"s__"
"4322410"	"k__Bacteria"	"p__Proteobacteria"	"c__Alphaproteobacteria"	"o__Rhodospirillales"	"f__Rhodospirillaceae"	"g__Skermanella"	"s__"
"338196"	"k__Bacteria"	"p__Acidobacteria"	"c__Acidobacteria-6"	"o__iii1-15"	"f__"	"g__"	"s__"
"511074"	"k__Bacteria"	"p__Acidobacteria"	"c__Solibacteres"	"o__Solibacterales"	"f__"	"g__"	"s__"
"237257"	"k__Bacteria"	"p__Chloroflexi"	"c__Anaerolineae"	"o__envOPS12"	"f__"	"g__"	"s__"
"624312"	"k__Bacteria"	"p__Verrucomicrobia"	"c__[Spartobacteria]"	"o__[Chthoniobacterales]"	"f__[Chthoniobacteraceae]"	"g__"	"s__"
"2818167"	"k__Bacteria"	"p__Proteobacteria"	"c__Gammaproteobacteria"	"o__Xanthomonadales"	"f__Xanthomonadaceae"	"g__"	"s__"
"539978"	"k__Bacteria"	"p__Actinobacteria"	"c__Thermoleophilia"	"o__Gaiellales"	"f__Gaiellaceae"	"g__"	"s__"
"851113"	"k__Bacteria"	"p__Bacteroidetes"	"c__Sphingobacteriia"	"o__Sphingobacteriales"	"f__Sphingobacteriaceae"	"g__"	"s__"
"4317750"	"k__Bacteria"	"p__Proteobacteria"	"c__Deltaproteobacteria"	"o__Myxococcales"	"f__Haliangiaceae"	"g__"	"s__"
"220524"	"k__Bacteria"	"p__Actinobacteria"	"c__Actinobacteria"	"o__Actinomycetales"	"f__Nakamurellaceae"	"g__"	"s__"
"1107637"	"k__Bacteria"	"p__Proteobacteria"	"c__Deltaproteobacteria"	"o__Syntrophobacterales"	"f__Syntrophobacteraceae"	"g__"	"s__"
"112754"	"k__Bacteria"	"p__Proteobacteria"	"c__Alphaproteobacteria"	"o__Sphingomonadales"	"f__Erythrobacteraceae"	"g__"	"s__"
"1068155"	"k__Bacteria"	"p__Bacteroidetes"	"c__[Saprospirae]"	"o__[Saprospirales]"	"f__Chitinophagaceae"	"g__"	"s__"
"646030"	"k__Bacteria"	"p__Acidobacteria"	"c__Acidobacteria-5"	"o__"	"f__"	"g__"	"s__"
"553534"	"k__Bacteria"	"p__Bacteroidetes"	"c__[Saprospirae]"	"o__[Saprospirales]"	"f__Chitinophagaceae"	"g__"	"s__"
"581900"	"k__Bacteria"	"p__Proteobacteria"	"c__Gammaproteobacteria"	"o__Xanthomonadales"	"f__Sinobacteraceae"	"g__"	"s__"
"308202"	"k__Bacteria"	"p__Verrucomicrobia"	"c__[Pedosphaerae]"	"o__[Pedosphaerales]"	"f__Ellin515"	"g__"	"s__"
"622731"	"k__Bacteria"	"p__Proteobacteria"	"c__Alphaproteobacteria"	"o__Rhodospirillales"	"f__Rhodospirillaceae"	"g__"	"s__"
"1639771"	"k__Bacteria"	"p__Actinobacteria"	"c__Acidimicrobiia"	"o__Acidimicrobiales"	"f__"	"g__"	"s__"
"217746"	"k__Bacteria"	"p__Chloroflexi"	"c__Ellin6529"	"o__"	"f__"	"g__"	"s__"
"217748"	"k__Bacteria"	"p__Proteobacteria"	"c__Deltaproteobacteria"	"o__Myxococcales"	"f__"	"g__"	"s__"
"882681"	"k__Bacteria"	"p__Bacteroidetes"	"c__[Saprospirae]"	"o__[Saprospirales]"	"f__Chitinophagaceae"	"g__"	"s__"
"156210"	"k__Bacteria"	"p__Verrucomicrobia"	"c__Opitutae"	"o__Opitutales"	"f__Opitutaceae"	"g__Opitutus"	"s__"
"594013"	"k__Bacteria"	"p__Bacteroidetes"	"c__[Saprospirae]"	"o__[Saprospirales]"	"f__Chitinophagaceae"	"g__"	"s__"
"4324314"	"k__Bacteria"	"p__Bacteroidetes"	"c__[Saprospirae]"	"o__[Saprospirales]"	"f__Chitinophagaceae"	"g__"	"s__"
"814295"	"k__Bacteria"	"p__Acidobacteria"	"c__[Chloracidobacteria]"	"o__RB41"	"f__Ellin6075"	"g__"	"s__"
"219743"	"k__Bacteria"	"p__Actinobacteria"	"c__Actinobacteria"	"o__Actinomycetales"	"f__Micromonosporaceae"	"g__"	"s__"
"562008"	"k__Bacteria"	"p__Proteobacteria"	"c__Gammaproteobacteria"	"o__Xanthomonadales"	"f__Sinobacteraceae"	"g__Steroidobacter"	"s__"
"13568"	"k__Bacteria"	"p__Actinobacteria"	"c__Actinobacteria"	"o__Actinomycetales"	"f__Nocardiaceae"	"g__Rhodococcus"	"s__globerulus"
"1131545"	"k__Bacteria"	"p__Proteobacteria"	"c__Deltaproteobacteria"	"o__Myxococcales"	"f__"	"g__"	"s__"
"819893"	"k__Bacteria"	"p__Proteobacteria"	"c__Betaproteobacteria"	"o__SC-I-84"	"f__"	"g__"	"s__"
"587598"	"k__Bacteria"	"p__Verrucomicrobia"	"c__[Spartobacteria]"	"o__[Chthoniobacterales]"	"f__[Chthoniobacteraceae]"	"g__DA101"	"s__"
"417101"	"k__Bacteria"	"p__Proteobacteria"	"c__Alphaproteobacteria"	"o__Ellin329"	"f__"	"g__"	"s__"
"1029922"	"k__Bacteria"	"p__Proteobacteria"	"c__Alphaproteobacteria"	"o__Ellin329"	"f__"	"g__"	"s__"
"436590"	"k__Bacteria"	"p__Proteobacteria"	"c__Gammaproteobacteria"	"o__Xanthomonadales"	"f__Sinobacteraceae"	"g__"	"s__"
"4316722"	"k__Bacteria"	"p__Verrucomicrobia"	"c__[Pedosphaerae]"	"o__[Pedosphaerales]"	"f__"	"g__"	"s__"
"570576"	"k__Bacteria"	"p__Bacteroidetes"	"c__Cytophagia"	"o__Cytophagales"	"f__Cytophagaceae"	"g__"	"s__"
"1062748"	"k__Bacteria"	"p__Actinobacteria"	"c__Actinobacteria"	"o__Actinomycetales"	"f__Mycobacteriaceae"	"g__Mycobacterium"	"s__"
"514041"	"k__Bacteria"	"p__Proteobacteria"	"c__Alphaproteobacteria"	"o__Sphingomonadales"	"f__Sphingomonadaceae"	"g__Kaistobacter"	"s__"
"855996"	"k__Bacteria"	"p__Gemmatimonadetes"	"c__Gemmatimonadetes"	"o__N1423WL"	"f__"	"g__"	"s__"
"588703"	"k__Bacteria"	"p__Proteobacteria"	"c__Deltaproteobacteria"	"o__Desulfuromonadales"	"f__Geobacteraceae"	"g__Geobacter"	"s__"
"783660"	"k__Bacteria"	"p__Acidobacteria"	"c__Acidobacteriia"	"o__Acidobacteriales"	"f__Koribacteraceae"	"g__Candidatus Koribacter"	"s__"
"112949"	"k__Bacteria"	"p__Chloroflexi"	"c__TK10"	"o__AKYG885"	"f__Dolo_23"	"g__"	"s__"
"567336"	"k__Bacteria"	"p__Proteobacteria"	"c__Alphaproteobacteria"	"o__Rhizobiales"	"f__"	"g__"	"s__"
"567333"	"k__Bacteria"	"p__Proteobacteria"	"c__Betaproteobacteria"	"o__"	"f__"	"g__"	"s__"
"343242"	"k__Bacteria"	"p__Actinobacteria"	"c__Actinobacteria"	"o__Actinomycetales"	"f__Nocardiaceae"	"g__Rhodococcus"	"s__"
"532331"	"k__Bacteria"	"p__Bacteroidetes"	"c__Cytophagia"	"o__Cytophagales"	"f__Cytophagaceae"	"g__"	"s__"
"946860"	"k__Bacteria"	"p__Actinobacteria"	"c__Thermoleophilia"	"o__Solirubrobacterales"	"f__"	"g__"	"s__"
"1081222"	"k__Bacteria"	"p__Firmicutes"	"c__Bacilli"	"o__Bacillales"	"f__Paenibacillaceae"	"g__Paenibacillus"	"s__"
"1049393"	"k__Bacteria"	"p__Verrucomicrobia"	"c__[Spartobacteria]"	"o__[Chthoniobacterales]"	"f__[Chthoniobacteraceae]"	"g__Chthoniobacter"	"s__"
"257270"	"k__Bacteria"	"p__Proteobacteria"	"c__Alphaproteobacteria"	"o__"	"f__"	"g__"	"s__"
"925200"	"k__Bacteria"	"p__Actinobacteria"	"c__Thermoleophilia"	"o__Solirubrobacterales"	"f__Conexibacteraceae"	"g__"	"s__"
"758613"	"k__Bacteria"	"p__Bacteroidetes"	"c__[Saprospirae]"	"o__[Saprospirales]"	"f__Chitinophagaceae"	"g__"	"s__"
"253167"	"k__Bacteria"	"p__Proteobacteria"	"c__Alphaproteobacteria"	"o__Rhizobiales"	"f__Hyphomicrobiaceae"	"g__Rhodoplanes"	"s__"
"511817"	"k__Bacteria"	"p__Verrucomicrobia"	"c__[Spartobacteria]"	"o__[Chthoniobacterales]"	"f__[Chthoniobacteraceae]"	"g__OR-59"	"s__"
"945478"	"k__Bacteria"	"p__Proteobacteria"	"c__Gammaproteobacteria"	"o__Xanthomonadales"	"f__Xanthomonadaceae"	"g__"	"s__"
"551109"	"k__Bacteria"	"p__Proteobacteria"	"c__Alphaproteobacteria"	"o__Caulobacterales"	"f__Caulobacteraceae"	"g__"	"s__"
"215823"	"k__Bacteria"	"p__Bacteroidetes"	"c__[Saprospirae]"	"o__[Saprospirales]"	"f__Chitinophagaceae"	"g__"	"s__"
"215825"	"k__Bacteria"	"p__Proteobacteria"	"c__Alphaproteobacteria"	"o__Ellin329"	"f__"	"g__"	"s__"
"1048878"	"k__Bacteria"	"p__Proteobacteria"	"c__Betaproteobacteria"	"o__Burkholderiales"	"f__Comamonadaceae"	"g__Variovorax"	"s__paradoxus"
"816631"	"k__Bacteria"	"p__Acidobacteria"	"c__Acidobacteria-6"	"o__iii1-15"	"f__"	"g__"	"s__"
"223655"	"k__Bacteria"	"p__Planctomycetes"	"c__Phycisphaerae"	"o__WD2101"	"f__"	"g__"	"s__"
"822571"	"k__Bacteria"	"p__Verrucomicrobia"	"c__[Pedosphaerae]"	"o__[Pedosphaerales]"	"f__"	"g__"	"s__"
"831289"	"k__Bacteria"	"p__Proteobacteria"	"c__Alphaproteobacteria"	"o__Caulobacterales"	"f__"	"g__"	"s__"
"325776"	"k__Bacteria"	"p__Bacteroidetes"	"c__[Saprospirae]"	"o__[Saprospirales]"	"f__Chitinophagaceae"	"g__"	"s__"
"512397"	"k__Bacteria"	"p__Proteobacteria"	"c__Deltaproteobacteria"	"o__Syntrophobacterales"	"f__Syntrophobacteraceae"	"g__"	"s__"
"357721"	"k__Bacteria"	"p__Elusimicrobia"	"c__Elusimicrobia"	"o__FAC88"	"f__"	"g__"	"s__"
"304694"	"k__Bacteria"	"p__Proteobacteria"	"c__Alphaproteobacteria"	"o__Rhizobiales"	"f__"	"g__"	"s__"
"1053703"	"k__Bacteria"	"p__Bacteroidetes"	"c__Sphingobacteriia"	"o__Sphingobacteriales"	"f__Sphingobacteriaceae"	"g__Pedobacter"	"s__"
"564093"	"k__Bacteria"	"p__Actinobacteria"	"c__Actinobacteria"	"o__Actinomycetales"	"f__Micromonosporaceae"	"g__Virgisporangium"	"s__ochraceum"
"1020262"	"k__Bacteria"	"p__Bacteroidetes"	"c__[Saprospirae]"	"o__[Saprospirales]"	"f__Chitinophagaceae"	"g__"	"s__"
"537115"	"k__Bacteria"	"p__Verrucomicrobia"	"c__[Pedosphaerae]"	"o__[Pedosphaerales]"	"f__Ellin515"	"g__"	"s__"
"4318042"	"k__Bacteria"	"p__Bacteroidetes"	"c__Sphingobacteriia"	"o__Sphingobacteriales"	"f__Sphingobacteriaceae"	"g__"	"s__"
"1125708"	"k__Bacteria"	"p__Acidobacteria"	"c__[Chloracidobacteria]"	"o__RB41"	"f__Ellin6075"	"g__"	"s__"
"216350"	"k__Bacteria"	"p__Bacteroidetes"	"c__[Saprospirae]"	"o__[Saprospirales]"	"f__Chitinophagaceae"	"g__"	"s__"
"949062"	"k__Bacteria"	"p__Proteobacteria"	"c__Alphaproteobacteria"	"o__Sphingomonadales"	"f__Sphingomonadaceae"	"g__Kaistobacter"	"s__"
"816441"	"k__Bacteria"	"p__Proteobacteria"	"c__Gammaproteobacteria"	"o__Xanthomonadales"	"f__Sinobacteraceae"	"g__Steroidobacter"	"s__"
"1078248"	"k__Bacteria"	"p__Firmicutes"	"c__Bacilli"	"o__Bacillales"	"f__Bacillaceae"	"g__Bacillus"	"s__"
"110321"	"k__Bacteria"	"p__Firmicutes"	"c__Bacilli"	"o__Bacillales"	"f__Alicyclobacillaceae"	"g__Alicyclobacillus"	"s__"
"1074625"	"k__Bacteria"	"p__Actinobacteria"	"c__Actinobacteria"	"o__Actinomycetales"	"f__Microbacteriaceae"	"g__"	"s__"
"278390"	"k__Bacteria"	"p__Bacteroidetes"	"c__[Saprospirae]"	"o__[Saprospirales]"	"f__Chitinophagaceae"	"g__"	"s__"
"567840"	"k__Bacteria"	"p__Proteobacteria"	"c__Alphaproteobacteria"	"o__Rhizobiales"	"f__Bradyrhizobiaceae"	"g__Bosea"	"s__genosp."
"1084157"	"k__Bacteria"	"p__Actinobacteria"	"c__Actinobacteria"	"o__Actinomycetales"	"f__Intrasporangiaceae"	"g__Janibacter"	"s__"
"901893"	"k__Bacteria"	"p__Actinobacteria"	"c__Actinobacteria"	"o__Actinomycetales"	"f__"	"g__"	"s__"
"591647"	"k__Bacteria"	"p__Proteobacteria"	"c__Deltaproteobacteria"	"o__Myxococcales"	"f__"	"g__"	"s__"
"888396"	"k__Bacteria"	"p__Proteobacteria"	"c__Betaproteobacteria"	"o__Burkholderiales"	"f__Comamonadaceae"	"g__Hydrogenophaga"	"s__"
"142010"	"k__Bacteria"	"p__Verrucomicrobia"	"c__Opitutae"	"o__Opitutales"	"f__Opitutaceae"	"g__Opitutus"	"s__"
"1032653"	"k__Bacteria"	"p__Actinobacteria"	"c__Thermoleophilia"	"o__Solirubrobacterales"	"f__Solirubrobacteraceae"	"g__"	"s__"
"571363"	"k__Bacteria"	"p__Proteobacteria"	"c__Betaproteobacteria"	"o__MND1"	"f__"	"g__"	"s__"
"2733662"	"k__Bacteria"	"p__Acidobacteria"	"c__Acidobacteria-6"	"o__CCU21"	"f__"	"g__"	"s__"
"1108830"	"k__Bacteria"	"p__Proteobacteria"	"c__Alphaproteobacteria"	"o__Rhizobiales"	"f__Methylocystaceae"	"g__"	"s__"
"4479100"	"k__Bacteria"	"p__Actinobacteria"	"c__Thermoleophilia"	"o__Gaiellales"	"f__Gaiellaceae"	"g__"	"s__"
"231447"	"k__Bacteria"	"p__Verrucomicrobia"	"c__Opitutae"	"o__Opitutales"	"f__Opitutaceae"	"g__Opitutus"	"s__"
"368218"	"k__Bacteria"	"p__Actinobacteria"	"c__Thermoleophilia"	"o__Gaiellales"	"f__Gaiellaceae"	"g__"	"s__"
"225379"	"k__Bacteria"	"p__Acidobacteria"	"c__Sva0725"	"o__Sva0725"	"f__"	"g__"	"s__"
"915631"	"k__Bacteria"	"p__Verrucomicrobia"	"c__[Pedosphaerae]"	"o__[Pedosphaerales]"	"f__"	"g__"	"s__"
"138920"	"k__Bacteria"	"p__Acidobacteria"	"c__Acidobacteria-5"	"o__"	"f__"	"g__"	"s__"
"316335"	"k__Bacteria"	"p__Proteobacteria"	"c__Alphaproteobacteria"	"o__Rhizobiales"	"f__Hyphomicrobiaceae"	"g__Rhodoplanes"	"s__"
"937372"	"k__Bacteria"	"p__Proteobacteria"	"c__Betaproteobacteria"	"o__Burkholderiales"	"f__Comamonadaceae"	"g__Ramlibacter"	"s__"
"549557"	"k__Bacteria"	"p__Actinobacteria"	"c__Actinobacteria"	"o__Actinomycetales"	"f__Nocardioidaceae"	"g__"	"s__"
"245723"	"k__Bacteria"	"p__Actinobacteria"	"c__Thermoleophilia"	"o__Gaiellales"	"f__Gaiellaceae"	"g__"	"s__"
"679787"	"k__Bacteria"	"p__Acidobacteria"	"c__Solibacteres"	"o__Solibacterales"	"f__Solibacteraceae"	"g__Candidatus Solibacter"	"s__"
"570407"	"k__Bacteria"	"p__Verrucomicrobia"	"c__[Pedosphaerae]"	"o__[Pedosphaerales]"	"f__Ellin517"	"g__"	"s__"
"113674"	"k__Bacteria"	"p__Bacteroidetes"	"c__Sphingobacteriia"	"o__Sphingobacteriales"	"f__"	"g__"	"s__"
"1129425"	"k__Bacteria"	"p__Actinobacteria"	"c__Thermoleophilia"	"o__Solirubrobacterales"	"f__Solirubrobacteraceae"	"g__Solirubrobacter"	"s__"
"992428"	"k__Bacteria"	"p__Verrucomicrobia"	"c__[Pedosphaerae]"	"o__[Pedosphaerales]"	"f__Ellin517"	"g__"	"s__"
"815305"	"k__Bacteria"	"p__Actinobacteria"	"c__Actinobacteria"	"o__Actinomycetales"	"f__Pseudonocardiaceae"	"g__Pseudonocardia"	"s__"
"562177"	"k__Bacteria"	"p__Bacteroidetes"	"c__Cytophagia"	"o__Cytophagales"	"f__Cytophagaceae"	"g__"	"s__"
"239185"	"k__Bacteria"	"p__Bacteroidetes"	"c__Sphingobacteriia"	"o__Sphingobacteriales"	"f__"	"g__"	"s__"
"2442916"	"k__Bacteria"	"p__Actinobacteria"	"c__Acidimicrobiia"	"o__Acidimicrobiales"	"f__"	"g__"	"s__"
"832626"	"k__Bacteria"	"p__Proteobacteria"	"c__Deltaproteobacteria"	"o__Myxococcales"	"f__"	"g__"	"s__"
"100640"	"k__Bacteria"	"p__Proteobacteria"	"c__Betaproteobacteria"	"o__IS-44"	"f__"	"g__"	"s__"
"256335"	"k__Bacteria"	"p__Proteobacteria"	"c__Alphaproteobacteria"	"o__Rhizobiales"	"f__Hyphomicrobiaceae"	"g__Rhodoplanes"	"s__"
"255448"	"k__Bacteria"	"p__Bacteroidetes"	"c__[Saprospirae]"	"o__[Saprospirales]"	"f__Chitinophagaceae"	"g__"	"s__"
"960217"	"k__Bacteria"	"p__Actinobacteria"	"c__Thermoleophilia"	"o__Solirubrobacterales"	"f__"	"g__"	"s__"
"557974"	"k__Bacteria"	"p__Proteobacteria"	"c__Gammaproteobacteria"	"o__Pseudomonadales"	"f__Pseudomonadaceae"	"g__Pseudomonas"	"s__"
"238426"	"k__Bacteria"	"p__Proteobacteria"	"c__Betaproteobacteria"	"o__SC-I-84"	"f__"	"g__"	"s__"
"3582363"	"k__Bacteria"	"p__Proteobacteria"	"c__Deltaproteobacteria"	"o__Myxococcales"	"f__OM27"	"g__"	"s__"
"775149"	"k__Bacteria"	"p__Proteobacteria"	"c__Gammaproteobacteria"	"o__Xanthomonadales"	"f__Sinobacteraceae"	"g__"	"s__"
"1060517"	"k__Bacteria"	"p__Proteobacteria"	"c__Betaproteobacteria"	"o__Burkholderiales"	"f__Oxalobacteraceae"	"g__Janthinobacterium"	"s__"
"566578"	"k__Bacteria"	"p__Proteobacteria"	"c__Betaproteobacteria"	"o__Burkholderiales"	"f__Oxalobacteraceae"	"g__"	"s__"
"1012668"	"k__Bacteria"	"p__Actinobacteria"	"c__Acidimicrobiia"	"o__Acidimicrobiales"	"f__EB1017"	"g__"	"s__"
"606989"	"k__Bacteria"	"p__Proteobacteria"	"c__Gammaproteobacteria"	"o__Xanthomonadales"	"f__Xanthomonadaceae"	"g__Lysobacter"	"s__yangpyeongensis"
"224648"	"k__Bacteria"	"p__Actinobacteria"	"c__MB-A2-108"	"o__0319-7L14"	"f__"	"g__"	"s__"
"809485"	"k__Bacteria"	"p__Bacteroidetes"	"c__Cytophagia"	"o__Cytophagales"	"f__Cytophagaceae"	"g__"	"s__"
"185100"	"k__Bacteria"	"p__Proteobacteria"	"c__Deltaproteobacteria"	"o__Bdellovibrionales"	"f__Bacteriovoracaceae"	"g__"	"s__"
"328081"	"k__Bacteria"	"p__Actinobacteria"	"c__Actinobacteria"	"o__Actinomycetales"	"f__Nocardioidaceae"	"g__"	"s__"
"829373"	"k__Bacteria"	"p__Actinobacteria"	"c__Actinobacteria"	"o__Actinomycetales"	"f__Pseudonocardiaceae"	"g__Pseudonocardia"	"s__"
"1107243"	"k__Bacteria"	"p__Proteobacteria"	"c__Alphaproteobacteria"	"o__Rhizobiales"	"f__Rhizobiaceae"	"g__Rhizobium"	"s__leguminosarum"
"709657"	"k__Bacteria"	"p__Proteobacteria"	"c__Alphaproteobacteria"	"o__Rhodospirillales"	"f__Rhodospirillaceae"	"g__"	"s__"
"214791"	"k__Bacteria"	"p__Proteobacteria"	"c__Alphaproteobacteria"	"o__Rhizobiales"	"f__Hyphomicrobiaceae"	"g__Rhodoplanes"	"s__"
"558911"	"k__Bacteria"	"p__Actinobacteria"	"c__Actinobacteria"	"o__Actinomycetales"	"f__Nocardioidaceae"	"g__Kribbella"	"s__"
"4405640"	"k__Bacteria"	"p__Verrucomicrobia"	"c__[Pedosphaerae]"	"o__[Pedosphaerales]"	"f__Ellin517"	"g__"	"s__"
"539866"	"k__Bacteria"	"p__Proteobacteria"	"c__Gammaproteobacteria"	"o__Thiotrichales"	"f__Piscirickettsiaceae"	"g__"	"s__"
"3581990"	"k__Bacteria"	"p__Proteobacteria"	"c__Alphaproteobacteria"	"o__Rhizobiales"	"f__Bradyrhizobiaceae"	"g__"	"s__"
"527397"	"k__Bacteria"	"p__Proteobacteria"	"c__Gammaproteobacteria"	"o__Xanthomonadales"	"f__Sinobacteraceae"	"g__"	"s__"
"873887"	"k__Bacteria"	"p__Actinobacteria"	"c__Thermoleophilia"	"o__Solirubrobacterales"	"f__Solirubrobacteraceae"	"g__"	"s__"
"915265"	"k__Bacteria"	"p__Bacteroidetes"	"c__Cytophagia"	"o__Cytophagales"	"f__Cytophagaceae"	"g__Dyadobacter"	"s__"
"532139"	"k__Bacteria"	"p__Proteobacteria"	"c__Betaproteobacteria"	"o__MND1"	"f__"	"g__"	"s__"
"833317"	"k__Bacteria"	"p__Firmicutes"	"c__Bacilli"	"o__Bacillales"	"f__Bacillaceae"	"g__Bacillus"	"s__"
"1009440"	"k__Bacteria"	"p__Proteobacteria"	"c__Alphaproteobacteria"	"o__Caulobacterales"	"f__Caulobacteraceae"	"g__"	"s__"
"4447718"	"k__Bacteria"	"p__Verrucomicrobia"	"c__[Pedosphaerae]"	"o__[Pedosphaerales]"	"f__Ellin515"	"g__"	"s__"
"338140"	"k__Bacteria"	"p__Proteobacteria"	"c__Gammaproteobacteria"	"o__Pseudomonadales"	"f__Pseudomonadaceae"	"g__"	"s__"
"765871"	"k__Bacteria"	"p__Acidobacteria"	"c__Acidobacteria-6"	"o__iii1-15"	"f__"	"g__"	"s__"
"4345857"	"k__Bacteria"	"p__Proteobacteria"	"c__Deltaproteobacteria"	"o__Myxococcales"	"f__"	"g__"	"s__"
"896276"	"k__Bacteria"	"p__Bacteroidetes"	"c__Sphingobacteriia"	"o__Sphingobacteriales"	"f__Sphingobacteriaceae"	"g__Pedobacter"	"s__"
"4370738"	"k__Bacteria"	"p__Proteobacteria"	"c__Deltaproteobacteria"	"o__Myxococcales"	"f__"	"g__"	"s__"
"254346"	"k__Bacteria"	"p__Actinobacteria"	"c__Rubrobacteria"	"o__Rubrobacterales"	"f__Rubrobacteraceae"	"g__"	"s__"
"269875"	"k__Bacteria"	"p__Proteobacteria"	"c__Deltaproteobacteria"	"o__Myxococcales"	"f__Haliangiaceae"	"g__"	"s__"
"909170"	"k__Bacteria"	"p__Verrucomicrobia"	"c__Verrucomicrobiae"	"o__Verrucomicrobiales"	"f__Verrucomicrobiaceae"	"g__Luteolibacter"	"s__"
"1017063"	"k__Bacteria"	"p__Proteobacteria"	"c__Deltaproteobacteria"	"o__Myxococcales"	"f__Polyangiaceae"	"g__"	"s__"
"558264"	"k__Bacteria"	"p__Proteobacteria"	"c__Betaproteobacteria"	"o__Burkholderiales"	"f__Alcaligenaceae"	"g__Achromobacter"	"s__"
"242284"	"k__Bacteria"	"p__Bacteroidetes"	"c__[Saprospirae]"	"o__[Saprospirales]"	"f__Chitinophagaceae"	"g__"	"s__"
"415661"	"k__Bacteria"	"p__Proteobacteria"	"c__Betaproteobacteria"	"o__Burkholderiales"	"f__Oxalobacteraceae"	"g__Ralstonia"	"s__"
"4359497"	"k__Bacteria"	"p__Gemmatimonadetes"	"c__Gemmatimonadetes"	"o__Ellin5290"	"f__"	"g__"	"s__"
"113004"	"k__Bacteria"	"p__Gemmatimonadetes"	"c__Gemmatimonadetes"	"o__Gemmatimonadales"	"f__Ellin5301"	"g__"	"s__"
"1081489"	"k__Bacteria"	"p__Fibrobacteres"	"c__Fibrobacteria"	"o__258ds10"	"f__"	"g__"	"s__"
"852162"	"k__Bacteria"	"p__Bacteroidetes"	"c__[Saprospirae]"	"o__[Saprospirales]"	"f__Chitinophagaceae"	"g__"	"s__"
"4342317"	"k__Bacteria"	"p__Bacteroidetes"	"c__Sphingobacteriia"	"o__Sphingobacteriales"	"f__"	"g__"	"s__"
"539336"	"k__Bacteria"	"p__Acidobacteria"	"c__PAUC37f"	"o__"	"f__"	"g__"	"s__"
"627435"	"k__Bacteria"	"p__Proteobacteria"	"c__Deltaproteobacteria"	"o__Myxococcales"	"f__0319-6G20"	"g__"	"s__"
"587540"	"k__Bacteria"	"p__Proteobacteria"	"c__Gammaproteobacteria"	"o__Xanthomonadales"	"f__Sinobacteraceae"	"g__"	"s__"
"4439482"	"k__Bacteria"	"p__Proteobacteria"	"c__Gammaproteobacteria"	"o__Thiotrichales"	"f__Piscirickettsiaceae"	"g__"	"s__"
"226240"	"k__Bacteria"	"p__Verrucomicrobia"	"c__Opitutae"	"o__Opitutales"	"f__Opitutaceae"	"g__"	"s__"
"303643"	"k__Bacteria"	"p__Proteobacteria"	"c__Alphaproteobacteria"	"o__Rhizobiales"	"f__Bradyrhizobiaceae"	"g__"	"s__"
"584598"	"k__Bacteria"	"p__Proteobacteria"	"c__Alphaproteobacteria"	"o__Rhizobiales"	"f__Hyphomicrobiaceae"	"g__Rhodoplanes"	"s__"
"772651"	"k__Bacteria"	"p__Acidobacteria"	"c__Acidobacteria-6"	"o__iii1-15"	"f__RB40"	"g__"	"s__"
"794280"	"k__Bacteria"	"p__Gemmatimonadetes"	"c__Gemm-1"	"o__"	"f__"	"g__"	"s__"
"997544"	"k__Bacteria"	"p__Bacteroidetes"	"c__[Saprospirae]"	"o__[Saprospirales]"	"f__Chitinophagaceae"	"g__Flavisolibacter"	"s__"
"824675"	"k__Bacteria"	"p__Bacteroidetes"	"c__[Saprospirae]"	"o__[Saprospirales]"	"f__Chitinophagaceae"	"g__"	"s__"
"1081815"	"k__Bacteria"	"p__Actinobacteria"	"c__Actinobacteria"	"o__Actinomycetales"	"f__Micrococcaceae"	"g__"	"s__"
"819681"	"k__Bacteria"	"p__Actinobacteria"	"c__Thermoleophilia"	"o__Gaiellales"	"f__Gaiellaceae"	"g__"	"s__"
"544772"	"k__Bacteria"	"p__Proteobacteria"	"c__Alphaproteobacteria"	"o__Rhizobiales"	"f__Hyphomicrobiaceae"	"g__Devosia"	"s__"
"732609"	"k__Bacteria"	"p__Actinobacteria"	"c__Actinobacteria"	"o__Actinomycetales"	"f__Promicromonosporaceae"	"g__Luteimicrobium"	"s__subarcticum"
"236466"	"k__Bacteria"	"p__Actinobacteria"	"c__Actinobacteria"	"o__Actinomycetales"	"f__Microbacteriaceae"	"g__Agromyces"	"s__"
"100737"	"k__Bacteria"	"p__Verrucomicrobia"	"c__Opitutae"	"o__Opitutales"	"f__Opitutaceae"	"g__"	"s__"
"952082"	"k__Bacteria"	"p__Bacteroidetes"	"c__Sphingobacteriia"	"o__Sphingobacteriales"	"f__Sphingobacteriaceae"	"g__Pedobacter"	"s__"
"568461"	"k__Bacteria"	"p__Actinobacteria"	"c__Thermoleophilia"	"o__Gaiellales"	"f__Gaiellaceae"	"g__"	"s__"
"723100"	"k__Bacteria"	"p__Proteobacteria"	"c__Alphaproteobacteria"	"o__Rhizobiales"	"f__Hyphomicrobiaceae"	"g__Rhodoplanes"	"s__"
"812105"	"k__Bacteria"	"p__WS3"	"c__PRR-12"	"o__Sediment-1"	"f__PRR-10"	"g__"	"s__"
"561452"	"k__Bacteria"	"p__Actinobacteria"	"c__Thermoleophilia"	"o__Gaiellales"	"f__Gaiellaceae"	"g__"	"s__"
"945733"	"k__Bacteria"	"p__Bacteroidetes"	"c__[Saprospirae]"	"o__[Saprospirales]"	"f__Chitinophagaceae"	"g__"	"s__"
"329490"	"k__Bacteria"	"p__Actinobacteria"	"c__Actinobacteria"	"o__Actinomycetales"	"f__Actinosynnemataceae"	"g__Lentzea"	"s__"
"620224"	"k__Bacteria"	"p__Proteobacteria"	"c__Deltaproteobacteria"	"o__Syntrophobacterales"	"f__Syntrophobacteraceae"	"g__"	"s__"
"778795"	"k__Bacteria"	"p__Gemmatimonadetes"	"c__Gemmatimonadetes"	"o__"	"f__"	"g__"	"s__"
"1110836"	"k__Bacteria"	"p__Bacteroidetes"	"c__[Saprospirae]"	"o__[Saprospirales]"	"f__Chitinophagaceae"	"g__"	"s__"
"240506"	"k__Bacteria"	"p__Proteobacteria"	"c__Deltaproteobacteria"	"o__Myxococcales"	"f__"	"g__"	"s__"
"832619"	"k__Bacteria"	"p__Proteobacteria"	"c__Betaproteobacteria"	"o__SC-I-84"	"f__"	"g__"	"s__"
"139405"	"k__Bacteria"	"p__Planctomycetes"	"c__Planctomycetia"	"o__Pirellulales"	"f__Pirellulaceae"	"g__Pirellula"	"s__"
"1112326"	"k__Bacteria"	"p__Proteobacteria"	"c__Alphaproteobacteria"	"o__Rhizobiales"	"f__Hyphomicrobiaceae"	"g__Rhodoplanes"	"s__"
"778968"	"k__Bacteria"	"p__Actinobacteria"	"c__Actinobacteria"	"o__Actinomycetales"	"f__Nocardioidaceae"	"g__"	"s__"
"1125248"	"k__Bacteria"	"p__Proteobacteria"	"c__Gammaproteobacteria"	"o__Xanthomonadales"	"f__Xanthomonadaceae"	"g__Dokdonella"	"s__"
"137916"	"k__Bacteria"	"p__Proteobacteria"	"c__Alphaproteobacteria"	"o__Rhizobiales"	"f__Beijerinckiaceae"	"g__"	"s__"
"4401982"	"k__Bacteria"	"p__Nitrospirae"	"c__Nitrospira"	"o__Nitrospirales"	"f__Nitrospiraceae"	"g__"	"s__"
"750320"	"k__Bacteria"	"p__Proteobacteria"	"c__Deltaproteobacteria"	"o__Myxococcales"	"f__Polyangiaceae"	"g__Sorangium"	"s__cellulosum"
"185950"	"k__Bacteria"	"p__Chloroflexi"	"c__Anaerolineae"	"o__SBR1031"	"f__A4b"	"g__"	"s__"
"917888"	"k__Bacteria"	"p__Bacteroidetes"	"c__Sphingobacteriia"	"o__Sphingobacteriales"	"f__Sphingobacteriaceae"	"g__"	"s__"
"256569"	"k__Bacteria"	"p__Chlorobi"	"c__"	"o__"	"f__"	"g__"	"s__"
"235541"	"k__Bacteria"	"p__Verrucomicrobia"	"c__[Pedosphaerae]"	"o__[Pedosphaerales]"	"f__"	"g__"	"s__"
"937954"	"k__Bacteria"	"p__Bacteroidetes"	"c__[Saprospirae]"	"o__[Saprospirales]"	"f__Chitinophagaceae"	"g__"	"s__"
"78422"	"k__Bacteria"	"p__Bacteroidetes"	"c__[Saprospirae]"	"o__[Saprospirales]"	"f__Chitinophagaceae"	"g__"	"s__"
"688259"	"k__Bacteria"	"p__Actinobacteria"	"c__Actinobacteria"	"o__Actinomycetales"	"f__Micromonosporaceae"	"g__Couchioplanes"	"s__"
"237703"	"k__Bacteria"	"p__Actinobacteria"	"c__Acidimicrobiia"	"o__Acidimicrobiales"	"f__EB1017"	"g__"	"s__"
"1640195"	"k__Bacteria"	"p__Proteobacteria"	"c__Alphaproteobacteria"	"o__Rhodospirillales"	"f__Rhodospirillaceae"	"g__"	"s__"
"319944"	"k__Bacteria"	"p__Actinobacteria"	"c__Thermoleophilia"	"o__Solirubrobacterales"	"f__"	"g__"	"s__"
"554390"	"k__Bacteria"	"p__Proteobacteria"	"c__Deltaproteobacteria"	"o__Bdellovibrionales"	"f__Bacteriovoracaceae"	"g__Peredibacter"	"s__starrii"
"1044436"	"k__Bacteria"	"p__Proteobacteria"	"c__Deltaproteobacteria"	"o__Syntrophobacterales"	"f__Syntrophobacteraceae"	"g__"	"s__"
"1072787"	"k__Bacteria"	"p__Proteobacteria"	"c__Gammaproteobacteria"	"o__Xanthomonadales"	"f__Xanthomonadaceae"	"g__Thermomonas"	"s__"
"576653"	"k__Bacteria"	"p__Bacteroidetes"	"c__[Saprospirae]"	"o__[Saprospirales]"	"f__Chitinophagaceae"	"g__"	"s__"
"570552"	"k__Bacteria"	"p__Actinobacteria"	"c__Actinobacteria"	"o__Actinomycetales"	"f__Microbacteriaceae"	"g__Agromyces"	"s__"
"1053194"	"k__Bacteria"	"p__Proteobacteria"	"c__Gammaproteobacteria"	"o__Xanthomonadales"	"f__Sinobacteraceae"	"g__"	"s__"
"674370"	"k__Bacteria"	"p__Proteobacteria"	"c__Alphaproteobacteria"	"o__Rhizobiales"	"f__Hyphomicrobiaceae"	"g__Devosia"	"s__"
"339660"	"k__Bacteria"	"p__Proteobacteria"	"c__Gammaproteobacteria"	"o__Xanthomonadales"	"f__Sinobacteraceae"	"g__"	"s__"
"4300564"	"k__Bacteria"	"p__Proteobacteria"	"c__Alphaproteobacteria"	"o__Caulobacterales"	"f__Caulobacteraceae"	"g__Asticcacaulis"	"s__biprosthecium"
"960076"	"k__Bacteria"	"p__Bacteroidetes"	"c__Flavobacteriia"	"o__Flavobacteriales"	"f__Flavobacteriaceae"	"g__Flavobacterium"	"s__"
"562311"	"k__Bacteria"	"p__Proteobacteria"	"c__Alphaproteobacteria"	"o__Rhizobiales"	"f__Hyphomicrobiaceae"	"g__Rhodoplanes"	"s__"
"2946783"	"k__Bacteria"	"p__Proteobacteria"	"c__Alphaproteobacteria"	"o__Sphingomonadales"	"f__Erythrobacteraceae"	"g__"	"s__"
"817349"	"k__Bacteria"	"p__Proteobacteria"	"c__Gammaproteobacteria"	"o__Acidithiobacillales"	"f__"	"g__"	"s__"
"586320"	"k__Bacteria"	"p__Verrucomicrobia"	"c__[Spartobacteria]"	"o__[Chthoniobacterales]"	"f__[Chthoniobacteraceae]"	"g__OR-59"	"s__"
"546371"	"k__Bacteria"	"p__Actinobacteria"	"c__Thermoleophilia"	"o__Solirubrobacterales"	"f__"	"g__"	"s__"
"254392"	"k__Bacteria"	"p__Proteobacteria"	"c__Betaproteobacteria"	"o__Ellin6067"	"f__"	"g__"	"s__"
"216925"	"k__Bacteria"	"p__Acidobacteria"	"c__[Chloracidobacteria]"	"o__RB41"	"f__"	"g__"	"s__"
"809189"	"k__Bacteria"	"p__Bacteroidetes"	"c__[Saprospirae]"	"o__[Saprospirales]"	"f__Chitinophagaceae"	"g__"	"s__"
"792574"	"k__Bacteria"	"p__Verrucomicrobia"	"c__[Pedosphaerae]"	"o__[Pedosphaerales]"	"f__"	"g__"	"s__"
"360823"	"k__Bacteria"	"p__Acidobacteria"	"c__Acidobacteria-6"	"o__iii1-15"	"f__"	"g__"	"s__"
"137818"	"k__Bacteria"	"p__Actinobacteria"	"c__Thermoleophilia"	"o__Gaiellales"	"f__Gaiellaceae"	"g__"	"s__"
"813938"	"k__Bacteria"	"p__Proteobacteria"	"c__Alphaproteobacteria"	"o__Sphingomonadales"	"f__Sphingomonadaceae"	"g__Kaistobacter"	"s__"
"811263"	"k__Bacteria"	"p__Actinobacteria"	"c__Thermoleophilia"	"o__Gaiellales"	"f__Gaiellaceae"	"g__"	"s__"
"208805"	"k__Bacteria"	"p__Bacteroidetes"	"c__[Saprospirae]"	"o__[Saprospirales]"	"f__Chitinophagaceae"	"g__"	"s__"
"2591424"	"k__Bacteria"	"p__Proteobacteria"	"c__Deltaproteobacteria"	"o__Myxococcales"	"f__"	"g__"	"s__"
"824146"	"k__Bacteria"	"p__Proteobacteria"	"c__Alphaproteobacteria"	"o__Sphingomonadales"	"f__Sphingomonadaceae"	"g__Kaistobacter"	"s__"
"510547"	"k__Bacteria"	"p__Actinobacteria"	"c__Acidimicrobiia"	"o__Acidimicrobiales"	"f__"	"g__"	"s__"
"1105574"	"k__Bacteria"	"p__Proteobacteria"	"c__Betaproteobacteria"	"o__Burkholderiales"	"f__Oxalobacteraceae"	"g__"	"s__"
"1108685"	"k__Bacteria"	"p__Nitrospirae"	"c__Nitrospira"	"o__Nitrospirales"	"f__0319-6A21"	"g__"	"s__"
"365415"	"k__Bacteria"	"p__Proteobacteria"	"c__Gammaproteobacteria"	"o__Xanthomonadales"	"f__Sinobacteraceae"	"g__Steroidobacter"	"s__"
"915948"	"k__Bacteria"	"p__Actinobacteria"	"c__Actinobacteria"	"o__Actinomycetales"	"f__Nocardiaceae"	"g__Rhodococcus"	"s__"
"1098922"	"k__Bacteria"	"p__Proteobacteria"	"c__Alphaproteobacteria"	"o__Rhizobiales"	"f__Hyphomicrobiaceae"	"g__Hyphomicrobium"	"s__"
"4316013"	"k__Bacteria"	"p__Planctomycetes"	"c__Planctomycetia"	"o__Pirellulales"	"f__Pirellulaceae"	"g__"	"s__"
"814232"	"k__Bacteria"	"p__Acidobacteria"	"c__Acidobacteria-6"	"o__iii1-15"	"f__"	"g__"	"s__"
"769643"	"k__Bacteria"	"p__Proteobacteria"	"c__Gammaproteobacteria"	"o__Pseudomonadales"	"f__Pseudomonadaceae"	"g__"	"s__"
"130710"	"k__Bacteria"	"p__Actinobacteria"	"c__Actinobacteria"	"o__Actinomycetales"	"f__Micrococcaceae"	"g__"	"s__"
"825183"	"k__Bacteria"	"p__Bacteroidetes"	"c__[Saprospirae]"	"o__[Saprospirales]"	"f__Chitinophagaceae"	"g__"	"s__"
"557467"	"k__Bacteria"	"p__Gemmatimonadetes"	"c__Gemmatimonadetes"	"o__Gemmatimonadales"	"f__Ellin5301"	"g__"	"s__"
"550164"	"k__Bacteria"	"p__Bacteroidetes"	"c__Cytophagia"	"o__Cytophagales"	"f__Cytophagaceae"	"g__"	"s__"
"577068"	"k__Bacteria"	"p__Proteobacteria"	"c__Betaproteobacteria"	"o__MND1"	"f__"	"g__"	"s__"
"246952"	"k__Bacteria"	"p__Bacteroidetes"	"c__[Saprospirae]"	"o__[Saprospirales]"	"f__Chitinophagaceae"	"g__"	"s__"
"281360"	"k__Bacteria"	"p__Proteobacteria"	"c__Alphaproteobacteria"	"o__Rhodospirillales"	"f__Rhodospirillaceae"	"g__"	"s__"
"153239"	"k__Bacteria"	"p__Verrucomicrobia"	"c__[Pedosphaerae]"	"o__[Pedosphaerales]"	"f__"	"g__"	"s__"
"1082846"	"k__Bacteria"	"p__Actinobacteria"	"c__Actinobacteria"	"o__Actinomycetales"	"f__Streptomycetaceae"	"g__Streptomyces"	"s__"
"11428"	"k__Bacteria"	"p__Actinobacteria"	"c__Actinobacteria"	"o__Actinomycetales"	"f__Geodermatophilaceae"	"g__Geodermatophilus"	"s__obscurus"
"962736"	"k__Bacteria"	"p__Proteobacteria"	"c__Gammaproteobacteria"	"o__HTCC2188"	"f__HTCC2089"	"g__"	"s__"
"18499"	"k__Bacteria"	"p__Proteobacteria"	"c__Alphaproteobacteria"	"o__Sphingomonadales"	"f__Sphingomonadaceae"	"g__Sphingobium"	"s__"
"591358"	"k__Bacteria"	"p__Planctomycetes"	"c__Planctomycetia"	"o__Gemmatales"	"f__Gemmataceae"	"g__Gemmata"	"s__"
"238109"	"k__Bacteria"	"p__Proteobacteria"	"c__Betaproteobacteria"	"o__Burkholderiales"	"f__Comamonadaceae"	"g__Polaromonas"	"s__"
"218116"	"k__Bacteria"	"p__Verrucomicrobia"	"c__[Pedosphaerae]"	"o__[Pedosphaerales]"	"f__Ellin517"	"g__"	"s__"
"582391"	"k__Bacteria"	"p__Acidobacteria"	"c__Acidobacteria-6"	"o__iii1-15"	"f__"	"g__"	"s__"
"556561"	"k__Archaea"	"p__Crenarchaeota"	"c__Thaumarchaeota"	"o__Nitrososphaerales"	"f__Nitrososphaeraceae"	"g__Candidatus Nitrososphaera"	"s__SCA1170"
"1109142"	"k__Bacteria"	"p__Verrucomicrobia"	"c__Verrucomicrobiae"	"o__Verrucomicrobiales"	"f__Verrucomicrobiaceae"	"g__"	"s__"
"1108431"	"k__Bacteria"	"p__Verrucomicrobia"	"c__[Pedosphaerae]"	"o__[Pedosphaerales]"	"f__Ellin515"	"g__"	"s__"
"105113"	"k__Archaea"	"p__Crenarchaeota"	"c__Thaumarchaeota"	"o__Nitrososphaerales"	"f__Nitrososphaeraceae"	"g__Candidatus Nitrososphaera"	"s__"
"792868"	"k__Bacteria"	"p__Proteobacteria"	"c__Betaproteobacteria"	"o__Burkholderiales"	"f__Oxalobacteraceae"	"g__"	"s__"
"107234"	"k__Archaea"	"p__Crenarchaeota"	"c__Thaumarchaeota"	"o__Nitrososphaerales"	"f__Nitrososphaeraceae"	"g__Candidatus Nitrososphaera"	"s__SCA1145"
"209613"	"k__Bacteria"	"p__Gemmatimonadetes"	"c__Gemm-1"	"o__"	"f__"	"g__"	"s__"
"4302753"	"k__Bacteria"	"p__Proteobacteria"	"c__Deltaproteobacteria"	"o__Myxococcales"	"f__"	"g__"	"s__"
"1052930"	"k__Bacteria"	"p__Proteobacteria"	"c__Gammaproteobacteria"	"o__Xanthomonadales"	"f__Xanthomonadaceae"	"g__Luteimonas"	"s__"
"249068"	"k__Bacteria"	"p__Actinobacteria"	"c__Actinobacteria"	"o__Actinomycetales"	"f__Micromonosporaceae"	"g__Pilimelia"	"s__"
"237634"	"k__Bacteria"	"p__Verrucomicrobia"	"c__[Pedosphaerae]"	"o__[Pedosphaerales]"	"f__"	"g__"	"s__"
"539496"	"k__Bacteria"	"p__Proteobacteria"	"c__Deltaproteobacteria"	"o__Myxococcales"	"f__"	"g__"	"s__"
"1037355"	"k__Bacteria"	"p__Actinobacteria"	"c__Actinobacteria"	"o__Actinomycetales"	"f__Streptomycetaceae"	"g__Streptomyces"	"s__"
"586230"	"k__Bacteria"	"p__Proteobacteria"	"c__Betaproteobacteria"	"o__Burkholderiales"	"f__Oxalobacteraceae"	"g__"	"s__"
"1121806"	"k__Bacteria"	"p__Chloroflexi"	"c__Gitt-GS-136"	"o__"	"f__"	"g__"	"s__"
"1088120"	"k__Bacteria"	"p__Bacteroidetes"	"c__Sphingobacteriia"	"o__Sphingobacteriales"	"f__Sphingobacteriaceae"	"g__Pedobacter"	"s__"
"965853"	"k__Bacteria"	"p__Actinobacteria"	"c__Thermoleophilia"	"o__Solirubrobacterales"	"f__"	"g__"	"s__"
"835594"	"k__Bacteria"	"p__Proteobacteria"	"c__Alphaproteobacteria"	"o__Rhizobiales"	"f__Bradyrhizobiaceae"	"g__Balneimonas"	"s__"
"510316"	"k__Bacteria"	"p__Proteobacteria"	"c__Alphaproteobacteria"	"o__Rhizobiales"	"f__Hyphomicrobiaceae"	"g__Rhodoplanes"	"s__"
"831179"	"k__Bacteria"	"p__Proteobacteria"	"c__Betaproteobacteria"	"o__Burkholderiales"	"f__Comamonadaceae"	"g__"	"s__"
"586031"	"k__Bacteria"	"p__WS3"	"c__PRR-12"	"o__Sediment-1"	"f__PRR-10"	"g__"	"s__"
"547097"	"k__Bacteria"	"p__Proteobacteria"	"c__Alphaproteobacteria"	"o__Rhizobiales"	"f__Phyllobacteriaceae"	"g__Mesorhizobium"	"s__"
"931643"	"k__Bacteria"	"p__Proteobacteria"	"c__Betaproteobacteria"	"o__Burkholderiales"	"f__Comamonadaceae"	"g__Acidovorax"	"s__"
"222183"	"k__Bacteria"	"p__Proteobacteria"	"c__Alphaproteobacteria"	"o__Sphingomonadales"	"f__Sphingomonadaceae"	"g__"	"s__"
"341698"	"k__Bacteria"	"p__Verrucomicrobia"	"c__Verrucomicrobiae"	"o__Verrucomicrobiales"	"f__Verrucomicrobiaceae"	"g__"	"s__"
"896338"	"k__Bacteria"	"p__Proteobacteria"	"c__Deltaproteobacteria"	"o__Myxococcales"	"f__"	"g__"	"s__"
"219243"	"k__Bacteria"	"p__Bacteroidetes"	"c__Sphingobacteriia"	"o__Sphingobacteriales"	"f__"	"g__"	"s__"
"1011958"	"k__Bacteria"	"p__Verrucomicrobia"	"c__[Spartobacteria]"	"o__[Chthoniobacterales]"	"f__[Chthoniobacteraceae]"	"g__"	"s__"
"876170"	"k__Bacteria"	"p__Actinobacteria"	"c__Actinobacteria"	"o__Actinomycetales"	"f__Microbacteriaceae"	"g__Salinibacterium"	"s__"
"883748"	"k__Bacteria"	"p__Firmicutes"	"c__Bacilli"	"o__Bacillales"	"f__Bacillaceae"	"g__Bacillus"	"s__"
"529793"	"k__Bacteria"	"p__Actinobacteria"	"c__Acidimicrobiia"	"o__Acidimicrobiales"	"f__EB1017"	"g__"	"s__"
"769292"	"k__Bacteria"	"p__Proteobacteria"	"c__Betaproteobacteria"	"o__Ellin6067"	"f__"	"g__"	"s__"
"854368"	"k__Bacteria"	"p__Actinobacteria"	"c__Acidimicrobiia"	"o__Acidimicrobiales"	"f__EB1017"	"g__"	"s__"
"648543"	"k__Bacteria"	"p__Actinobacteria"	"c__Thermoleophilia"	"o__Gaiellales"	"f__Gaiellaceae"	"g__"	"s__"
"810679"	"k__Bacteria"	"p__Proteobacteria"	"c__Betaproteobacteria"	"o__"	"f__"	"g__"	"s__"
"269781"	"k__Bacteria"	"p__Proteobacteria"	"c__Alphaproteobacteria"	"o__Rhizobiales"	"f__Rhizobiaceae"	"g__Kaistia"	"s__"
"788632"	"k__Bacteria"	"p__Proteobacteria"	"c__Betaproteobacteria"	"o__Methylophilales"	"f__Methylophilaceae"	"g__"	"s__"
"892000"	"k__Bacteria"	"p__Acidobacteria"	"c__Acidobacteria-6"	"o__iii1-15"	"f__"	"g__"	"s__"
"637184"	"k__Bacteria"	"p__Acidobacteria"	"c__Acidobacteria-6"	"o__iii1-15"	"f__"	"g__"	"s__"
"1051517"	"k__Bacteria"	"p__Firmicutes"	"c__Bacilli"	"o__Bacillales"	"f__Bacillaceae"	"g__Bacillus"	"s__"
"1094453"	"k__Bacteria"	"p__Proteobacteria"	"c__Alphaproteobacteria"	"o__Sphingomonadales"	"f__Sphingomonadaceae"	"g__Kaistobacter"	"s__"
"550219"	"k__Bacteria"	"p__Acidobacteria"	"c__Acidobacteria-6"	"o__iii1-15"	"f__"	"g__"	"s__"
"818282"	"k__Bacteria"	"p__Proteobacteria"	"c__Betaproteobacteria"	"o__SC-I-84"	"f__"	"g__"	"s__"
"254401"	"k__Bacteria"	"p__Proteobacteria"	"c__Alphaproteobacteria"	"o__Caulobacterales"	"f__Caulobacteraceae"	"g__Phenylobacterium"	"s__"
"546690"	"k__Bacteria"	"p__Actinobacteria"	"c__Actinobacteria"	"o__Actinomycetales"	"f__Microbacteriaceae"	"g__"	"s__"
"3723650"	"k__Bacteria"	"p__Proteobacteria"	"c__Alphaproteobacteria"	"o__Sphingomonadales"	"f__Sphingomonadaceae"	"g__"	"s__"
"1108726"	"k__Bacteria"	"p__Proteobacteria"	"c__Betaproteobacteria"	"o__Burkholderiales"	"f__Comamonadaceae"	"g__Methylibium"	"s__"
"1102554"	"k__Bacteria"	"p__Bacteroidetes"	"c__[Saprospirae]"	"o__[Saprospirales]"	"f__Chitinophagaceae"	"g__"	"s__"
"262768"	"k__Bacteria"	"p__Proteobacteria"	"c__Alphaproteobacteria"	"o__Rhodospirillales"	"f__Rhodospirillaceae"	"g__"	"s__"
"966091"	"k__Bacteria"	"p__Actinobacteria"	"c__Actinobacteria"	"o__Actinomycetales"	"f__Geodermatophilaceae"	"g__Modestobacter"	"s__"
"55354"	"k__Bacteria"	"p__Planctomycetes"	"c__Phycisphaerae"	"o__WD2101"	"f__"	"g__"	"s__"
"515709"	"k__Bacteria"	"p__Proteobacteria"	"c__Alphaproteobacteria"	"o__Rhizobiales"	"f__Hyphomicrobiaceae"	"g__Rhodoplanes"	"s__"
"902698"	"k__Bacteria"	"p__Actinobacteria"	"c__Actinobacteria"	"o__Actinomycetales"	"f__Nocardioidaceae"	"g__"	"s__"
"591499"	"k__Bacteria"	"p__Proteobacteria"	"c__Betaproteobacteria"	"o__Burkholderiales"	"f__Oxalobacteraceae"	"g__Oxalobacter"	"s__"
"569066"	"k__Bacteria"	"p__Proteobacteria"	"c__Gammaproteobacteria"	"o__Xanthomonadales"	"f__Xanthomonadaceae"	"g__Dokdonella"	"s__"
"823091"	"k__Bacteria"	"p__Gemmatimonadetes"	"c__Gemm-1"	"o__"	"f__"	"g__"	"s__"
"219094"	"k__Bacteria"	"p__Verrucomicrobia"	"c__[Pedosphaerae]"	"o__[Pedosphaerales]"	"f__"	"g__"	"s__"
"961783"	"k__Bacteria"	"p__Proteobacteria"	"c__Gammaproteobacteria"	"o__Pseudomonadales"	"f__Pseudomonadaceae"	"g__Pseudomonas"	"s__"
"823633"	"k__Bacteria"	"p__Actinobacteria"	"c__Actinobacteria"	"o__Actinomycetales"	"f__Mycobacteriaceae"	"g__Mycobacterium"	"s__"
