""	"RSE"	"RRSE"	"Kingdom"	"Phylum"	"Class"	"Order"	"Family"	"Genus"	"Species"
"772651"	0.4061682	0.63731325	"Bacteria"	"Acidobacteria"	"Acidobacteria-6"	"iii1-15"	"RB40"	NA	NA
"571363"	0.45868567	0.6772634	"Bacteria"	"Proteobacteria"	"Betaproteobacteria"	"MND1"	NA	NA	NA
"547097"	0.48930585	0.699504	"Bacteria"	"Proteobacteria"	"Alphaproteobacteria"	"Rhizobiales"	"Phyllobacteriaceae"	"Mesorhizobium"	NA
"1142871"	0.52282363	0.72306544	"Bacteria"	"Actinobacteria"	"MB-A2-108"	"0319-7L14"	NA	NA	NA
"591340"	0.58365077	0.7639704	"Bacteria"	"Proteobacteria"	"Betaproteobacteria"	"Ellin6067"	NA	NA	NA
"552989"	0.58760333	0.76655287	"Bacteria"	"Proteobacteria"	"Betaproteobacteria"	"MND1"	NA	NA	NA
"4469039"	0.63089615	0.7942897	"Bacteria"	"Planctomycetes"	"Planctomycetia"	"Pirellulales"	"Pirellulaceae"	NA	NA
"816291"	0.6345927	0.7966133	"Bacteria"	"Actinobacteria"	"Thermoleophilia"	"Gaiellales"	"Gaiellaceae"	NA	NA
"823633"	0.6577383	0.81101066	"Bacteria"	"Actinobacteria"	"Actinobacteria"	"Actinomycetales"	"Mycobacteriaceae"	"Mycobacterium"	NA
"550219"	0.6924194	0.83211744	"Bacteria"	"Acidobacteria"	"Acidobacteria-6"	"iii1-15"	NA	NA	NA
"237703"	0.7046995	0.83946383	"Bacteria"	"Actinobacteria"	"Acidimicrobiia"	"Acidimicrobiales"	"EB1017"	NA	NA
"254949"	0.73967695	0.8600447	"Bacteria"	"Proteobacteria"	"Deltaproteobacteria"	"Myxococcales"	NA	NA	NA
"551647"	0.76944757	0.8771816	"Bacteria"	"Bacteroidetes"	"[Saprospirae]"	"[Saprospirales]"	"Chitinophagaceae"	NA	NA
"4402996"	0.81659245	0.90365505	"Bacteria"	"Acidobacteria"	"RB25"	NA	NA	NA	NA
"3276016"	0.83149093	0.91186124	"Bacteria"	"Planctomycetes"	"Planctomycetia"	"Gemmatales"	"Gemmataceae"	NA	NA
"2733662"	0.84034014	0.91670066	"Bacteria"	"Acidobacteria"	"Acidobacteria-6"	"CCU21"	NA	NA	NA
"4302554"	0.8455127	0.91951764	"Bacteria"	"Actinobacteria"	"Thermoleophilia"	"Gaiellales"	"Gaiellaceae"	NA	NA
"561452"	0.8643253	0.92969096	"Bacteria"	"Actinobacteria"	"Thermoleophilia"	"Gaiellales"	"Gaiellaceae"	NA	NA
"876066"	0.8819571	0.9391257	"Bacteria"	"Actinobacteria"	"Thermoleophilia"	"Solirubrobacterales"	NA	NA	NA
"1639771"	0.8974728	0.9473504	"Bacteria"	"Actinobacteria"	"Acidimicrobiia"	"Acidimicrobiales"	NA	NA	NA
"683649"	0.95325917	0.97634995	"Bacteria"	"Acidobacteria"	"[Chloracidobacteria]"	"RB41"	NA	NA	NA
"1110303"	0.96046925	0.9800353	"Bacteria"	"Proteobacteria"	"Gammaproteobacteria"	"Xanthomonadales"	"Sinobacteraceae"	NA	NA
"261663"	0.97098327	0.9853848	"Bacteria"	"Chloroflexi"	"TK10"	"AKYG885"	"Dolo_23"	NA	NA
"1107738"	0.9757368	0.9877939	"Bacteria"	"Acidobacteria"	"Acidobacteria-6"	"iii1-15"	NA	NA	NA
"945478"	0.97846025	0.9891715	"Bacteria"	"Proteobacteria"	"Gammaproteobacteria"	"Xanthomonadales"	"Xanthomonadaceae"	NA	NA
"546371"	1.0432673	1.0214045	"Bacteria"	"Actinobacteria"	"Thermoleophilia"	"Solirubrobacterales"	NA	NA	NA
"687206"	1.0471926	1.0233243	"Bacteria"	"Acidobacteria"	"[Chloracidobacteria]"	"RB41"	"Ellin6075"	NA	NA
"1109142"	1.0498036	1.0245992	"Bacteria"	"Verrucomicrobia"	"Verrucomicrobiae"	"Verrucomicrobiales"	"Verrucomicrobiaceae"	NA	NA
"811435"	1.0567287	1.027973	"Bacteria"	"Acidobacteria"	"Acidobacteria-6"	"iii1-15"	NA	NA	NA
"540592"	1.0582007	1.0286888	"Bacteria"	"Proteobacteria"	"Deltaproteobacteria"	"Myxococcales"	NA	NA	NA
"245723"	1.0629584	1.0309987	"Bacteria"	"Actinobacteria"	"Thermoleophilia"	"Gaiellales"	"Gaiellaceae"	NA	NA
"226240"	1.0663725	1.0326531	"Bacteria"	"Verrucomicrobia"	"Opitutae"	"Opitutales"	"Opitutaceae"	NA	NA
"268617"	1.073128	1.035919	"Bacteria"	"Bacteroidetes"	"[Saprospirae]"	"[Saprospirales]"	"Chitinophagaceae"	NA	NA
"225894"	1.0786166	1.0385647	"Bacteria"	"Verrucomicrobia"	"[Pedosphaerae]"	"[Pedosphaerales]"	"Ellin517"	NA	NA
"410072"	1.0791343	1.038814	"Bacteria"	"Actinobacteria"	"Acidimicrobiia"	"Acidimicrobiales"	NA	NA	NA
"992428"	1.0835313	1.0409281	"Bacteria"	"Verrucomicrobia"	"[Pedosphaerae]"	"[Pedosphaerales]"	"Ellin517"	NA	NA
"761601"	1.0861633	1.0421916	"Bacteria"	"Proteobacteria"	"Gammaproteobacteria"	"Xanthomonadales"	"Sinobacteraceae"	NA	NA
"519510"	1.089639	1.0438577	"Bacteria"	"Proteobacteria"	"Alphaproteobacteria"	"Sphingomonadales"	NA	NA	NA
"539336"	1.1171517	1.056954	"Bacteria"	"Acidobacteria"	"PAUC37f"	NA	NA	NA	NA
"219282"	1.1295803	1.0628171	"Bacteria"	"Proteobacteria"	"Betaproteobacteria"	"Ellin6067"	NA	NA	NA
"822874"	1.1342385	1.0650064	"Bacteria"	"Proteobacteria"	"Alphaproteobacteria"	"Rhizobiales"	"Hyphomicrobiaceae"	NA	NA
"4317750"	1.141455	1.068389	"Bacteria"	"Proteobacteria"	"Deltaproteobacteria"	"Myxococcales"	"Haliangiaceae"	NA	NA
"112867"	1.1621548	1.0780329	"Bacteria"	"Chloroflexi"	"Ellin6529"	NA	NA	NA	NA
"217746"	1.1669427	1.0802512	"Bacteria"	"Chloroflexi"	"Ellin6529"	NA	NA	NA	NA
"539866"	1.1935349	1.0924902	"Bacteria"	"Proteobacteria"	"Gammaproteobacteria"	"Thiotrichales"	"Piscirickettsiaceae"	NA	NA
"679787"	1.2069074	1.0985934	"Bacteria"	"Acidobacteria"	"Solibacteres"	"Solibacterales"	"Solibacteraceae"	"Candidatus Solibacter"	NA
"1098922"	1.2070991	1.0986806	"Bacteria"	"Proteobacteria"	"Alphaproteobacteria"	"Rhizobiales"	"Hyphomicrobiaceae"	"Hyphomicrobium"	NA
"4479100"	1.2169884	1.103172	"Bacteria"	"Actinobacteria"	"Thermoleophilia"	"Gaiellales"	"Gaiellaceae"	NA	NA
"576136"	1.222662	1.1057404	"Bacteria"	"Proteobacteria"	"Alphaproteobacteria"	"Ellin329"	NA	NA	NA
"206278"	1.2733941	1.1284477	"Bacteria"	"Chloroflexi"	"Ellin6529"	NA	NA	NA	NA
"578951"	1.2737516	1.1286061	"Bacteria"	"Gemmatimonadetes"	"Gemmatimonadetes"	"Gemmatimonadales"	"Gemmatimonadaceae"	"Gemmatimonas"	NA
"238280"	1.2739443	1.1286914	"Bacteria"	"Actinobacteria"	"Thermoleophilia"	"Solirubrobacterales"	NA	NA	NA
"3809681"	1.275926	1.1295689	"Bacteria"	"Proteobacteria"	"Deltaproteobacteria"	"Myxococcales"	NA	NA	NA
"311035"	1.2800524	1.131394	"Bacteria"	"Actinobacteria"	"Thermoleophilia"	"Gaiellales"	"Gaiellaceae"	NA	NA
"718335"	1.2901227	1.1358356	"Bacteria"	"Actinobacteria"	"Acidimicrobiia"	"Acidimicrobiales"	"C111"	NA	NA
"946860"	1.313487	1.1460747	"Bacteria"	"Actinobacteria"	"Thermoleophilia"	"Solirubrobacterales"	NA	NA	NA
"562922"	1.3163695	1.1473315	"Bacteria"	"Chloroflexi"	"Gitt-GS-136"	NA	NA	NA	NA
"1072673"	1.3548648	1.1639866	"Bacteria"	"Bacteroidetes"	"Flavobacteriia"	"Flavobacteriales"	"Flavobacteriaceae"	"Flavobacterium"	NA
"672471"	1.3614038	1.1667922	"Bacteria"	"Proteobacteria"	"Deltaproteobacteria"	"Syntrophobacterales"	"Syntrophobacteraceae"	NA	NA
"156210"	1.3752986	1.1727313	"Bacteria"	"Verrucomicrobia"	"Opitutae"	"Opitutales"	"Opitutaceae"	"Opitutus"	NA
"811187"	1.3769585	1.1734388	"Bacteria"	"Acidobacteria"	"Acidobacteria-6"	"iii1-15"	NA	NA	NA
"915631"	1.3790267	1.1743196	"Bacteria"	"Verrucomicrobia"	"[Pedosphaerae]"	"[Pedosphaerales]"	NA	NA	NA
"2068089"	1.3802053	1.1748214	"Bacteria"	"Acidobacteria"	"Acidobacteria-6"	"CCU21"	NA	NA	NA
"4342317"	1.3977245	1.182254	"Bacteria"	"Bacteroidetes"	"Sphingobacteriia"	"Sphingobacteriales"	NA	NA	NA
"207082"	1.3987844	1.1827022	"Bacteria"	"Proteobacteria"	"Betaproteobacteria"	"Ellin6067"	NA	NA	NA
"2259380"	1.4359308	1.1983033	"Bacteria"	"Bacteroidetes"	"Sphingobacteriia"	"Sphingobacteriales"	NA	NA	NA
"207403"	1.4406729	1.2002803	"Bacteria"	"Proteobacteria"	"Alphaproteobacteria"	NA	NA	NA	NA
"244063"	1.4453143	1.2022122	"Bacteria"	"Actinobacteria"	"Thermoleophilia"	"Gaiellales"	"Gaiellaceae"	NA	NA
"751555"	1.4574932	1.2072668	"Bacteria"	"Proteobacteria"	"Alphaproteobacteria"	"Rhodospirillales"	"Rhodospirillaceae"	NA	NA
"586031"	1.4750544	1.2145182	"Bacteria"	"WS3"	"PRR-12"	"Sediment-1"	"PRR-10"	NA	NA
"583489"	1.4785912	1.2159734	"Bacteria"	"Proteobacteria"	"Betaproteobacteria"	NA	NA	NA	NA
"778795"	1.4960084	1.2231143	"Bacteria"	"Gemmatimonadetes"	"Gemmatimonadetes"	NA	NA	NA	NA
"146122"	1.5100515	1.2288415	"Bacteria"	"Actinobacteria"	"Actinobacteria"	"Actinomycetales"	NA	NA	NA
"512397"	1.5259151	1.2352793	"Bacteria"	"Proteobacteria"	"Deltaproteobacteria"	"Syntrophobacterales"	"Syntrophobacteraceae"	NA	NA
"1111883"	1.5388801	1.2405161	"Bacteria"	"Gemmatimonadetes"	"Gemm-1"	NA	NA	NA	NA
"646549"	1.541243	1.2414681	"Bacteria"	"Proteobacteria"	"Gammaproteobacteria"	"Pseudomonadales"	"Pseudomonadaceae"	"Pseudomonas"	NA
"113674"	1.5563953	1.2475557	"Bacteria"	"Bacteroidetes"	"Sphingobacteriia"	"Sphingobacteriales"	NA	NA	NA
"1087471"	1.5682747	1.2523078	"Bacteria"	"Bacteroidetes"	"Sphingobacteriia"	"Sphingobacteriales"	NA	NA	NA
"1012668"	1.5761241	1.2554379	"Bacteria"	"Actinobacteria"	"Acidimicrobiia"	"Acidimicrobiales"	"EB1017"	NA	NA
"571700"	1.5922557	1.2618462	"Bacteria"	"Chloroflexi"	"S085"	NA	NA	NA	NA
"235541"	1.6050719	1.2669144	"Bacteria"	"Verrucomicrobia"	"[Pedosphaerae]"	"[Pedosphaerales]"	NA	NA	NA
"968261"	1.6206634	1.2730528	"Bacteria"	"Actinobacteria"	"Thermoleophilia"	"Solirubrobacterales"	NA	NA	NA
"217929"	1.6337833	1.2781954	"Bacteria"	"Verrucomicrobia"	"[Pedosphaerae]"	"[Pedosphaerales]"	NA	NA	NA
"591647"	1.645193	1.2826507	"Bacteria"	"Proteobacteria"	"Deltaproteobacteria"	"Myxococcales"	NA	NA	NA
"357721"	1.652853	1.2856333	"Bacteria"	"Elusimicrobia"	"Elusimicrobia"	"FAC88"	NA	NA	NA
"960217"	1.6531695	1.2857563	"Bacteria"	"Actinobacteria"	"Thermoleophilia"	"Solirubrobacterales"	NA	NA	NA
"575688"	1.6729074	1.2934092	"Bacteria"	"Bacteroidetes"	"Sphingobacteriia"	"Sphingobacteriales"	"Sphingobacteriaceae"	"Pedobacter"	NA
"591683"	1.6783428	1.2955087	"Bacteria"	"Proteobacteria"	"Alphaproteobacteria"	"Rhizobiales"	"Hyphomicrobiaceae"	"Pedomicrobium"	NA
"521158"	1.7376571	1.3182023	"Bacteria"	"Planctomycetes"	"Planctomycetia"	"Planctomycetales"	"Planctomycetaceae"	"Planctomyces"	NA
"717396"	1.738383	1.3184775	"Bacteria"	"Acidobacteria"	"Acidobacteria-6"	"iii1-15"	NA	NA	NA
"1000876"	1.740392	1.3192391	"Bacteria"	"Actinobacteria"	"Actinobacteria"	"Actinomycetales"	"Nocardioidaceae"	"Nocardioides"	NA
"223655"	1.7441667	1.320669	"Bacteria"	"Planctomycetes"	"Phycisphaerae"	"WD2101"	NA	NA	NA
"758928"	1.7457546	1.3212701	"Bacteria"	"Bacteroidetes"	"[Saprospirae]"	"[Saprospirales]"	"Saprospiraceae"	NA	NA
"585878"	1.7467152	1.3216336	"Bacteria"	"WS3"	"PRR-12"	"Sediment-1"	NA	NA	NA
"3582363"	1.7515289	1.3234534	"Bacteria"	"Proteobacteria"	"Deltaproteobacteria"	"Myxococcales"	"OM27"	NA	NA
"510547"	1.7831267	1.3353376	"Bacteria"	"Actinobacteria"	"Acidimicrobiia"	"Acidimicrobiales"	NA	NA	NA
"353494"	1.8144263	1.3470064	"Bacteria"	"Bacteroidetes"	"[Saprospirae]"	"[Saprospirales]"	"Chitinophagaceae"	"Niastella"	NA
"4447718"	1.826136	1.351346	"Bacteria"	"Verrucomicrobia"	"[Pedosphaerae]"	"[Pedosphaerales]"	"Ellin515"	NA	NA
"513073"	1.8275065	1.351853	"Bacteria"	"Proteobacteria"	"Alphaproteobacteria"	"Rhizobiales"	"Hyphomicrobiaceae"	"Hyphomicrobium"	NA
"1106748"	1.8329084	1.3538495	"Bacteria"	"Verrucomicrobia"	"[Pedosphaerae]"	"[Pedosphaerales]"	"OPB35"	NA	NA
"810700"	1.8534948	1.3614311	"Bacteria"	"Proteobacteria"	"Alphaproteobacteria"	"Rhodospirillales"	"Rhodospirillaceae"	NA	NA
"902698"	1.8579371	1.3630617	"Bacteria"	"Actinobacteria"	"Actinobacteria"	"Actinomycetales"	"Nocardioidaceae"	NA	NA
"368218"	1.8625691	1.3647597	"Bacteria"	"Actinobacteria"	"Thermoleophilia"	"Gaiellales"	"Gaiellaceae"	NA	NA
"946179"	1.8671002	1.3664187	"Bacteria"	"Actinobacteria"	"MB-A2-108"	"0319-7L14"	NA	NA	NA
"726736"	1.8775427	1.3702346	"Bacteria"	"Proteobacteria"	"Deltaproteobacteria"	"Myxococcales"	"Haliangiaceae"	NA	NA
"112949"	1.8823831	1.3719996	"Bacteria"	"Chloroflexi"	"TK10"	"AKYG885"	"Dolo_23"	NA	NA
"723100"	1.8959943	1.3769511	"Bacteria"	"Proteobacteria"	"Alphaproteobacteria"	"Rhizobiales"	"Hyphomicrobiaceae"	"Rhodoplanes"	NA
"1069076"	1.8979893	1.3776753	"Bacteria"	"Bacteroidetes"	"Cytophagia"	"Cytophagales"	"Cytophagaceae"	"Adhaeribacter"	NA
"532139"	1.9011931	1.3788376	"Bacteria"	"Proteobacteria"	"Betaproteobacteria"	"MND1"	NA	NA	NA
"554390"	1.9031298	1.3795397	"Bacteria"	"Proteobacteria"	"Deltaproteobacteria"	"Bdellovibrionales"	"Bacteriovoracaceae"	"Peredibacter"	"starrii"
"588630"	1.9096107	1.3818867	"Bacteria"	"Proteobacteria"	"Alphaproteobacteria"	"Rhizobiales"	NA	NA	NA
"1052235"	1.9176925	1.3848077	"Bacteria"	"Proteobacteria"	"Deltaproteobacteria"	"Myxococcales"	"Haliangiaceae"	NA	NA
"698517"	1.9186039	1.3851367	"Bacteria"	"Proteobacteria"	"Betaproteobacteria"	"Ellin6067"	NA	NA	NA
"1129425"	1.9376233	1.3919854	"Bacteria"	"Actinobacteria"	"Thermoleophilia"	"Solirubrobacterales"	"Solirubrobacteraceae"	"Solirubrobacter"	NA
"55354"	1.9528176	1.3974324	"Bacteria"	"Planctomycetes"	"Phycisphaerae"	"WD2101"	NA	NA	NA
"791738"	1.962675	1.4009551	"Bacteria"	"Proteobacteria"	"Betaproteobacteria"	"Burkholderiales"	"Comamonadaceae"	NA	NA
"547148"	1.9817827	1.407758	"Bacteria"	"Gemmatimonadetes"	"Gemm-1"	NA	NA	NA	NA
"256335"	2.0183022	1.4206697	"Bacteria"	"Proteobacteria"	"Alphaproteobacteria"	"Rhizobiales"	"Hyphomicrobiaceae"	"Rhodoplanes"	NA
"570576"	2.036011	1.4268886	"Bacteria"	"Bacteroidetes"	"Cytophagia"	"Cytophagales"	"Cytophagaceae"	NA	NA
"370301"	2.037282	1.4273338	"Bacteria"	"Proteobacteria"	"Alphaproteobacteria"	"Rhodospirillales"	"Acetobacteraceae"	"Roseomonas"	NA
"855996"	2.1036906	1.4504105	"Bacteria"	"Gemmatimonadetes"	"Gemmatimonadetes"	"N1423WL"	NA	NA	NA
"810882"	2.1086426	1.4521166	"Bacteria"	"Acidobacteria"	"Acidobacteria-6"	"iii1-15"	"mb2424"	NA	NA
"709657"	2.1149316	1.4542804	"Bacteria"	"Proteobacteria"	"Alphaproteobacteria"	"Rhodospirillales"	"Rhodospirillaceae"	NA	NA
"1110836"	2.11554	1.4544896	"Bacteria"	"Bacteroidetes"	"[Saprospirae]"	"[Saprospirales]"	"Chitinophagaceae"	NA	NA
"2063454"	2.124837	1.457682	"Bacteria"	"Bacteroidetes"	"Cytophagia"	"Cytophagales"	"Cytophagaceae"	NA	NA
"1108685"	2.1285193	1.4589446	"Bacteria"	"Nitrospirae"	"Nitrospira"	"Nitrospirales"	"0319-6A21"	NA	NA
"552186"	2.1454499	1.4647354	"Bacteria"	"Verrucomicrobia"	"[Pedosphaerae]"	"[Pedosphaerales]"	NA	NA	NA
"959372"	2.1820135	1.477164	"Bacteria"	"Proteobacteria"	"Deltaproteobacteria"	"Syntrophobacterales"	"Syntrophobacteraceae"	NA	NA
"807260"	2.1824555	1.4773136	"Bacteria"	"Planctomycetes"	"Planctomycetia"	"Pirellulales"	"Pirellulaceae"	NA	NA
"4348098"	2.1875727	1.4790446	"Bacteria"	"Verrucomicrobia"	"Verrucomicrobiae"	"Verrucomicrobiales"	"Verrucomicrobiaceae"	NA	NA
"1131545"	2.1887	1.4794255	"Bacteria"	"Proteobacteria"	"Deltaproteobacteria"	"Myxococcales"	NA	NA	NA
"859313"	2.1940513	1.481233	"Bacteria"	"Actinobacteria"	"Acidimicrobiia"	"Acidimicrobiales"	"C111"	NA	NA
"4359497"	2.236452	1.4954772	"Bacteria"	"Gemmatimonadetes"	"Gemmatimonadetes"	"Ellin5290"	NA	NA	NA
"136998"	2.2392519	1.496413	"Bacteria"	"Verrucomicrobia"	"Opitutae"	"Opitutales"	"Opitutaceae"	"Opitutus"	NA
"541155"	2.2952635	1.5150127	"Bacteria"	"Proteobacteria"	"Gammaproteobacteria"	"Xanthomonadales"	"Sinobacteraceae"	NA	NA
"833957"	2.3349435	1.5280522	"Bacteria"	"Chloroflexi"	"Ellin6529"	NA	NA	NA	NA
"534301"	2.3526735	1.5338427	"Bacteria"	"Proteobacteria"	"Deltaproteobacteria"	"Syntrophobacterales"	"Syntrophobacteraceae"	NA	NA
"1094453"	2.357331	1.5353602	"Bacteria"	"Proteobacteria"	"Alphaproteobacteria"	"Sphingomonadales"	"Sphingomonadaceae"	"Kaistobacter"	NA
"4339351"	2.3678608	1.5387855	"Bacteria"	"Bacteroidetes"	"Sphingobacteriia"	"Sphingobacteriales"	"Sphingobacteriaceae"	"Pedobacter"	NA
"1053194"	2.3900158	1.5459676	"Bacteria"	"Proteobacteria"	"Gammaproteobacteria"	"Xanthomonadales"	"Sinobacteraceae"	NA	NA
"509899"	2.3989875	1.5488665	"Bacteria"	"Acidobacteria"	"iii1-8"	"DS-18"	NA	NA	NA
"1115404"	2.4018748	1.5497983	"Bacteria"	"Bacteroidetes"	"[Saprospirae]"	"[Saprospirales]"	"Saprospiraceae"	NA	NA
"966091"	2.4119184	1.5530353	"Bacteria"	"Actinobacteria"	"Actinobacteria"	"Actinomycetales"	"Geodermatophilaceae"	"Modestobacter"	NA
"529793"	2.4155653	1.5542089	"Bacteria"	"Actinobacteria"	"Acidimicrobiia"	"Acidimicrobiales"	"EB1017"	NA	NA
"237634"	2.4157653	1.5542732	"Bacteria"	"Verrucomicrobia"	"[Pedosphaerae]"	"[Pedosphaerales]"	NA	NA	NA
"591358"	2.4195666	1.5554956	"Bacteria"	"Planctomycetes"	"Planctomycetia"	"Gemmatales"	"Gemmataceae"	"Gemmata"	NA
"949062"	2.4278443	1.5581541	"Bacteria"	"Proteobacteria"	"Alphaproteobacteria"	"Sphingomonadales"	"Sphingomonadaceae"	"Kaistobacter"	NA
"909170"	2.4420683	1.5627118	"Bacteria"	"Verrucomicrobia"	"Verrucomicrobiae"	"Verrucomicrobiales"	"Verrucomicrobiaceae"	"Luteolibacter"	NA
"929699"	2.4498158	1.5651888	"Bacteria"	"Verrucomicrobia"	"[Spartobacteria]"	"[Chthoniobacterales]"	"[Chthoniobacteraceae]"	"DA101"	NA
"755077"	2.451942	1.5658678	"Bacteria"	"Acidobacteria"	"Acidobacteria-5"	NA	NA	NA	NA
"811424"	2.4587677	1.5680459	"Bacteria"	"Verrucomicrobia"	"Opitutae"	"Opitutales"	"Opitutaceae"	NA	NA
"657034"	2.51693	1.5864836	"Bacteria"	"Acidobacteria"	"Acidobacteria-6"	"iii1-15"	NA	NA	NA
"303643"	2.5493095	1.5966557	"Bacteria"	"Proteobacteria"	"Alphaproteobacteria"	"Rhizobiales"	"Bradyrhizobiaceae"	NA	NA
"987899"	2.5828152	1.607114	"Bacteria"	"Actinobacteria"	"Acidimicrobiia"	"Acidimicrobiales"	NA	NA	NA
"217748"	2.589064	1.6090568	"Bacteria"	"Proteobacteria"	"Deltaproteobacteria"	"Myxococcales"	NA	NA	NA
"823091"	2.5946593	1.6107947	"Bacteria"	"Gemmatimonadetes"	"Gemm-1"	NA	NA	NA	NA
"249773"	2.6126635	1.6163735	"Bacteria"	"Actinobacteria"	"Thermoleophilia"	"Gaiellales"	"Gaiellaceae"	NA	NA
"624858"	2.629833	1.621676	"Bacteria"	"Acidobacteria"	"[Chloracidobacteria]"	"11-24"	NA	NA	NA
"1053703"	2.6434252	1.6258614	"Bacteria"	"Bacteroidetes"	"Sphingobacteriia"	"Sphingobacteriales"	"Sphingobacteriaceae"	"Pedobacter"	NA
"219243"	2.6604018	1.6310738	"Bacteria"	"Bacteroidetes"	"Sphingobacteriia"	"Sphingobacteriales"	NA	NA	NA
"809485"	2.6716821	1.6345282	"Bacteria"	"Bacteroidetes"	"Cytophagia"	"Cytophagales"	"Cytophagaceae"	NA	NA
"544772"	2.682569	1.637855	"Bacteria"	"Proteobacteria"	"Alphaproteobacteria"	"Rhizobiales"	"Hyphomicrobiaceae"	"Devosia"	NA
"893232"	2.75776	1.6606505	"Bacteria"	"Proteobacteria"	"Alphaproteobacteria"	"Rhodospirillales"	NA	NA	NA
"1042519"	2.799255	1.6730974	"Bacteria"	"Bacteroidetes"	"Cytophagia"	"Cytophagales"	"Cytophagaceae"	NA	NA
"647472"	2.8287752	1.6818963	"Bacteria"	"Acidobacteria"	"Acidobacteria-6"	"iii1-15"	NA	NA	NA
"875704"	2.8497164	1.6881104	"Bacteria"	"Bacteroidetes"	"[Saprospirae]"	"[Saprospirales]"	"Chitinophagaceae"	NA	NA
"1121806"	2.9334667	1.7127366	"Bacteria"	"Chloroflexi"	"Gitt-GS-136"	NA	NA	NA	NA
"1812611"	2.9510107	1.7178506	"Bacteria"	"Bacteroidetes"	"[Saprospirae]"	"[Saprospirales]"	"Chitinophagaceae"	NA	NA
"253167"	2.9733453	1.7243391	"Bacteria"	"Proteobacteria"	"Alphaproteobacteria"	"Rhizobiales"	"Hyphomicrobiaceae"	"Rhodoplanes"	NA
"1110625"	3.009689	1.7348455	"Bacteria"	"Actinobacteria"	"Thermoleophilia"	"Solirubrobacterales"	NA	NA	NA
"763448"	3.0179782	1.7372329	"Bacteria"	"Acidobacteria"	"Acidobacteria-6"	"iii1-15"	NA	NA	NA
"854930"	3.0229342	1.7386588	"Bacteria"	"Bacteroidetes"	"[Saprospirae]"	"[Saprospirales]"	"Chitinophagaceae"	NA	NA
"4370738"	3.02436	1.7390687	"Bacteria"	"Proteobacteria"	"Deltaproteobacteria"	"Myxococcales"	NA	NA	NA
"4401982"	3.02937	1.7405086	"Bacteria"	"Nitrospirae"	"Nitrospira"	"Nitrospirales"	"Nitrospiraceae"	NA	NA
"811449"	3.0390384	1.7432837	"Bacteria"	"Proteobacteria"	"Alphaproteobacteria"	"Caulobacterales"	"Caulobacteraceae"	NA	NA
"325776"	3.0597022	1.7492005	"Bacteria"	"Bacteroidetes"	"[Saprospirae]"	"[Saprospirales]"	"Chitinophagaceae"	NA	NA
"994823"	3.0790303	1.7547166	"Bacteria"	"Actinobacteria"	"Thermoleophilia"	"Solirubrobacterales"	"Patulibacteraceae"	NA	NA
"332557"	3.1111546	1.7638465	"Bacteria"	"Proteobacteria"	"Gammaproteobacteria"	"Pseudomonadales"	"Pseudomonadaceae"	NA	NA
"100640"	3.1320653	1.7697642	"Bacteria"	"Proteobacteria"	"Betaproteobacteria"	"IS-44"	NA	NA	NA
"255448"	3.1376157	1.7713317	"Bacteria"	"Bacteroidetes"	"[Saprospirae]"	"[Saprospirales]"	"Chitinophagaceae"	NA	NA
"4337833"	3.141181	1.7723377	"Bacteria"	"Planctomycetes"	"Planctomycetia"	"Pirellulales"	"Pirellulaceae"	"A17"	NA
"1108431"	3.1640408	1.7787751	"Bacteria"	"Verrucomicrobia"	"[Pedosphaerae]"	"[Pedosphaerales]"	"Ellin515"	NA	NA
"139405"	3.198383	1.7884024	"Bacteria"	"Planctomycetes"	"Planctomycetia"	"Pirellulales"	"Pirellulaceae"	"Pirellula"	NA
"2442916"	3.20284	1.789648	"Bacteria"	"Actinobacteria"	"Acidimicrobiia"	"Acidimicrobiales"	NA	NA	NA
"561885"	3.2156954	1.793236	"Bacteria"	"Proteobacteria"	"Alphaproteobacteria"	"Rhizobiales"	"Rhizobiaceae"	"Agrobacterium"	NA
"541511"	3.228942	1.7969257	"Bacteria"	"Bacteroidetes"	"Cytophagia"	"Cytophagales"	"Cytophagaceae"	NA	NA
"535678"	3.2459092	1.8016407	"Bacteria"	"Actinobacteria"	"Actinobacteria"	"Actinomycetales"	"Streptomycetaceae"	"Amycolatopsis"	"coloradensis"
"222900"	3.2542214	1.803946	"Bacteria"	"Proteobacteria"	"Deltaproteobacteria"	"Myxococcales"	"Polyangiaceae"	NA	NA
"249068"	3.2956147	1.8153828	"Bacteria"	"Actinobacteria"	"Actinobacteria"	"Actinomycetales"	"Micromonosporaceae"	"Pilimelia"	NA
"859157"	3.3087611	1.819	"Bacteria"	"Actinobacteria"	"Acidimicrobiia"	"Acidimicrobiales"	"C111"	NA	NA
"365415"	3.338814	1.8272421	"Bacteria"	"Proteobacteria"	"Gammaproteobacteria"	"Xanthomonadales"	"Sinobacteraceae"	"Steroidobacter"	NA
"3609950"	3.3407018	1.8277587	"Bacteria"	"Acidobacteria"	"Acidobacteria-5"	NA	NA	NA	NA
"646030"	3.3802903	1.8385565	"Bacteria"	"Acidobacteria"	"Acidobacteria-5"	NA	NA	NA	NA
"339660"	3.4169188	1.848491	"Bacteria"	"Proteobacteria"	"Gammaproteobacteria"	"Xanthomonadales"	"Sinobacteraceae"	NA	NA
"961783"	3.4401762	1.8547713	"Bacteria"	"Proteobacteria"	"Gammaproteobacteria"	"Pseudomonadales"	"Pseudomonadaceae"	"Pseudomonas"	NA
"557467"	3.4495041	1.8572841	"Bacteria"	"Gemmatimonadetes"	"Gemmatimonadetes"	"Gemmatimonadales"	"Ellin5301"	NA	NA
"818282"	3.4507492	1.8576192	"Bacteria"	"Proteobacteria"	"Betaproteobacteria"	"SC-I-84"	NA	NA	NA
"4316722"	3.4552305	1.858825	"Bacteria"	"Verrucomicrobia"	"[Pedosphaerae]"	"[Pedosphaerales]"	NA	NA	NA
"818174"	3.4610293	1.8603842	"Bacteria"	"Bacteroidetes"	"[Saprospirae]"	"[Saprospirales]"	"Saprospiraceae"	NA	NA
"915265"	3.4632313	1.8609759	"Bacteria"	"Bacteroidetes"	"Cytophagia"	"Cytophagales"	"Cytophagaceae"	"Dyadobacter"	NA
"78422"	3.5397918	1.8814335	"Bacteria"	"Bacteroidetes"	"[Saprospirae]"	"[Saprospirales]"	"Chitinophagaceae"	NA	NA
"569066"	3.5432303	1.882347	"Bacteria"	"Proteobacteria"	"Gammaproteobacteria"	"Xanthomonadales"	"Xanthomonadaceae"	"Dokdonella"	NA
"436590"	3.5832913	1.8929584	"Bacteria"	"Proteobacteria"	"Gammaproteobacteria"	"Xanthomonadales"	"Sinobacteraceae"	NA	NA
"731014"	3.5927289	1.8954495	"Bacteria"	"Actinobacteria"	"Actinobacteria"	"Actinomycetales"	"Micromonosporaceae"	"Pilimelia"	NA
"1106796"	3.6132133	1.9008454	"Bacteria"	"Bacteroidetes"	"Cytophagia"	"Cytophagales"	"Cytophagaceae"	NA	NA
"778968"	3.6168132	1.901792	"Bacteria"	"Actinobacteria"	"Actinobacteria"	"Actinomycetales"	"Nocardioidaceae"	NA	NA
"107428"	3.6221244	1.903188	"Bacteria"	"Verrucomicrobia"	"[Pedosphaerae]"	"[Pedosphaerales]"	NA	NA	NA
"1068155"	3.6371024	1.9071189	"Bacteria"	"Bacteroidetes"	"[Saprospirae]"	"[Saprospirales]"	"Chitinophagaceae"	NA	NA
"216748"	3.648594	1.9101293	"Bacteria"	"Proteobacteria"	"Alphaproteobacteria"	"Rhizobiales"	"Hyphomicrobiaceae"	"Rhodoplanes"	NA
"1051517"	3.7417994	1.9343731	"Bacteria"	"Firmicutes"	"Bacilli"	"Bacillales"	"Bacillaceae"	"Bacillus"	NA
"213308"	3.7491941	1.9362836	"Bacteria"	"Chloroflexi"	"Thermomicrobia"	"JG30-KF-CM45"	NA	NA	NA
"209762"	3.7700498	1.9416616	"Bacteria"	"Proteobacteria"	"Alphaproteobacteria"	"Caulobacterales"	"Caulobacteraceae"	"Phenylobacterium"	NA
"917888"	3.805089	1.9506637	"Bacteria"	"Bacteroidetes"	"Sphingobacteriia"	"Sphingobacteriales"	"Sphingobacteriaceae"	NA	NA
"591157"	3.8256304	1.9559219	"Bacteria"	"Proteobacteria"	"Betaproteobacteria"	NA	NA	NA	NA
"699318"	3.8267543	1.9562092	"Bacteria"	"Proteobacteria"	"Alphaproteobacteria"	"Sphingomonadales"	"Sphingomonadaceae"	NA	NA
"102024"	3.8422964	1.9601777	"Bacteria"	"Verrucomicrobia"	"[Pedosphaerae]"	"[Pedosphaerales]"	"Ellin515"	NA	NA
"1059762"	3.932806	1.9831303	"Bacteria"	"Proteobacteria"	"Gammaproteobacteria"	"Xanthomonadales"	"Sinobacteraceae"	NA	NA
"511817"	3.9433692	1.9857918	"Bacteria"	"Verrucomicrobia"	"[Spartobacteria]"	"[Chthoniobacterales]"	"[Chthoniobacteraceae]"	"OR-59"	NA
"1108483"	3.9718926	1.9929608	"Bacteria"	"Proteobacteria"	"Betaproteobacteria"	NA	NA	NA	NA
"273690"	4.0102363	2.0025575	"Bacteria"	"Planctomycetes"	"Planctomycetia"	"Pirellulales"	"Pirellulaceae"	NA	NA
"957360"	4.0349765	2.0087252	"Bacteria"	"Actinobacteria"	"Thermoleophilia"	"Gaiellales"	"Gaiellaceae"	NA	NA
"4405640"	4.085444	2.021248	"Bacteria"	"Verrucomicrobia"	"[Pedosphaerae]"	"[Pedosphaerales]"	"Ellin517"	NA	NA
"13568"	4.126311	2.0313323	"Bacteria"	"Actinobacteria"	"Actinobacteria"	"Actinomycetales"	"Nocardiaceae"	"Rhodococcus"	"globerulus"
"937372"	4.1264634	2.03137	"Bacteria"	"Proteobacteria"	"Betaproteobacteria"	"Burkholderiales"	"Comamonadaceae"	"Ramlibacter"	NA
"809189"	4.168208	2.041619	"Bacteria"	"Bacteroidetes"	"[Saprospirae]"	"[Saprospirales]"	"Chitinophagaceae"	NA	NA
"984175"	4.1788945	2.0442345	"Bacteria"	"Actinobacteria"	"Acidimicrobiia"	"Acidimicrobiales"	NA	NA	NA
"1019914"	4.1835175	2.0453649	"Bacteria"	"Bacteroidetes"	"Cytophagia"	"Cytophagales"	"Cytophagaceae"	NA	NA
"901893"	4.1985207	2.049029	"Bacteria"	"Actinobacteria"	"Actinobacteria"	"Actinomycetales"	NA	NA	NA
"819681"	4.231281	2.0570078	"Bacteria"	"Actinobacteria"	"Thermoleophilia"	"Gaiellales"	"Gaiellaceae"	NA	NA
"210344"	4.241913	2.0595903	"Bacteria"	"Proteobacteria"	"Alphaproteobacteria"	"Rhizobiales"	"Hyphomicrobiaceae"	"Pedomicrobium"	NA
"822419"	4.2731233	2.0671535	"Bacteria"	"Proteobacteria"	"Betaproteobacteria"	"Burkholderiales"	"Oxalobacteraceae"	NA	NA
"4316013"	4.284427	2.0698857	"Bacteria"	"Planctomycetes"	"Planctomycetia"	"Pirellulales"	"Pirellulaceae"	NA	NA
"223126"	4.288816	2.0709457	"Bacteria"	"Bacteroidetes"	"Sphingobacteriia"	"Sphingobacteriales"	NA	NA	NA
"1081489"	4.30537	2.0749385	"Bacteria"	"Fibrobacteres"	"Fibrobacteria"	"258ds10"	NA	NA	NA
"252345"	4.345092	2.0844884	"Bacteria"	"Proteobacteria"	"Gammaproteobacteria"	"Xanthomonadales"	"Xanthomonadaceae"	NA	NA
"819037"	4.347424	2.0850477	"Bacteria"	"Proteobacteria"	"Betaproteobacteria"	"Burkholderiales"	"Comamonadaceae"	"Variovorax"	"paradoxus"
"308202"	4.370956	2.0906832	"Bacteria"	"Verrucomicrobia"	"[Pedosphaerae]"	"[Pedosphaerales]"	"Ellin515"	NA	NA
"4477117"	4.446455	2.108662	"Bacteria"	"Planctomycetes"	"Planctomycetia"	"B97"	NA	NA	NA
"223764"	4.4758606	2.115623	"Bacteria"	"Actinobacteria"	"Thermoleophilia"	"Solirubrobacterales"	NA	NA	NA
"556561"	4.4914885	2.1193132	"Archaea"	"Crenarchaeota"	"Thaumarchaeota"	"Nitrososphaerales"	"Nitrososphaeraceae"	"Candidatus Nitrososphaera"	"SCA1170"
"4339223"	4.5315433	2.1287422	"Bacteria"	"Acidobacteria"	"Acidobacteria-5"	NA	NA	NA	NA
"562604"	4.554041	2.1340199	"Bacteria"	"Proteobacteria"	"Deltaproteobacteria"	"[Entotheonellales]"	"[Entotheonellaceae]"	NA	NA
"1038987"	4.5809464	2.1403146	"Bacteria"	"Bacteroidetes"	"[Saprospirae]"	"[Saprospirales]"	"Chitinophagaceae"	"Flavisolibacter"	NA
"570595"	4.6208706	2.149621	"Bacteria"	"Acidobacteria"	"Solibacteres"	"Solibacterales"	NA	NA	NA
"562332"	4.638503	2.1537185	"Bacteria"	"Actinobacteria"	"Acidimicrobiia"	"Acidimicrobiales"	NA	NA	NA
"239185"	4.6600504	2.158715	"Bacteria"	"Bacteroidetes"	"Sphingobacteriia"	"Sphingobacteriales"	NA	NA	NA
"185950"	4.660181	2.1587453	"Bacteria"	"Chloroflexi"	"Anaerolineae"	"SBR1031"	"A4b"	NA	NA
"247867"	4.7043867	2.1689599	"Bacteria"	"Planctomycetes"	"Phycisphaerae"	"WD2101"	NA	NA	NA
"4402900"	4.719044	2.172336	"Bacteria"	"Proteobacteria"	"Alphaproteobacteria"	"Rhizobiales"	"Hyphomicrobiaceae"	"Rhodoplanes"	NA
"215825"	4.868677	2.206508	"Bacteria"	"Proteobacteria"	"Alphaproteobacteria"	"Ellin329"	NA	NA	NA
"107234"	4.8894143	2.211202	"Archaea"	"Crenarchaeota"	"Thaumarchaeota"	"Nitrososphaerales"	"Nitrososphaeraceae"	"Candidatus Nitrososphaera"	"SCA1145"
"794280"	4.947486	2.2242944	"Bacteria"	"Gemmatimonadetes"	"Gemm-1"	NA	NA	NA	NA
"622731"	4.986193	2.2329786	"Bacteria"	"Proteobacteria"	"Alphaproteobacteria"	"Rhodospirillales"	"Rhodospirillaceae"	NA	NA
"576653"	4.988098	2.233405	"Bacteria"	"Bacteroidetes"	"[Saprospirae]"	"[Saprospirales]"	"Chitinophagaceae"	NA	NA
"740154"	4.99378	2.2346768	"Bacteria"	"Proteobacteria"	"Alphaproteobacteria"	"Rhodospirillales"	"Rhodospirillaceae"	NA	NA
"255838"	5.0150404	2.2394285	"Bacteria"	"Acidobacteria"	"Acidobacteria-5"	NA	NA	NA	NA
"527397"	5.049056	2.2470105	"Bacteria"	"Proteobacteria"	"Gammaproteobacteria"	"Xanthomonadales"	"Sinobacteraceae"	NA	NA
"113004"	5.0901127	2.2561278	"Bacteria"	"Gemmatimonadetes"	"Gemmatimonadetes"	"Gemmatimonadales"	"Ellin5301"	NA	NA
"313833"	5.0908422	2.2562895	"Bacteria"	"Proteobacteria"	"Deltaproteobacteria"	"Myxococcales"	"Haliangiaceae"	NA	NA
"208595"	5.17341	2.274513	"Bacteria"	"Bacteroidetes"	"[Saprospirae]"	"[Saprospirales]"	"Saprospiraceae"	NA	NA
"142373"	5.1806593	2.276106	"Archaea"	"Crenarchaeota"	"Thaumarchaeota"	"Nitrososphaerales"	"Nitrososphaeraceae"	"Candidatus Nitrososphaera"	"SCA1170"
"825183"	5.1925745	2.278722	"Bacteria"	"Bacteroidetes"	"[Saprospirae]"	"[Saprospirales]"	"Chitinophagaceae"	NA	NA
"358590"	5.193067	2.2788303	"Bacteria"	"Gemmatimonadetes"	"Gemm-1"	NA	NA	NA	NA
"262768"	5.2112703	2.2828207	"Bacteria"	"Proteobacteria"	"Alphaproteobacteria"	"Rhodospirillales"	"Rhodospirillaceae"	NA	NA
"331647"	5.263904	2.2943199	"Bacteria"	"Proteobacteria"	"Alphaproteobacteria"	"Rhodospirillales"	"Rhodospirillaceae"	NA	NA
"1021984"	5.266296	2.294841	"Bacteria"	"Proteobacteria"	"Deltaproteobacteria"	"Myxococcales"	NA	NA	NA
"824675"	5.27867	2.2975357	"Bacteria"	"Bacteroidetes"	"[Saprospirae]"	"[Saprospirales]"	"Chitinophagaceae"	NA	NA
"105113"	5.3258805	2.307787	"Archaea"	"Crenarchaeota"	"Thaumarchaeota"	"Nitrososphaerales"	"Nitrososphaeraceae"	"Candidatus Nitrososphaera"	NA
"832626"	5.369515	2.3172214	"Bacteria"	"Proteobacteria"	"Deltaproteobacteria"	"Myxococcales"	NA	NA	NA
"284171"	5.3710794	2.317559	"Bacteria"	"Chloroflexi"	"Ellin6529"	NA	NA	NA	NA
"4479944"	5.372935	2.3179593	"Bacteria"	"Actinobacteria"	"MB-A2-108"	"0319-7L14"	NA	NA	NA
"931593"	5.3907304	2.3217947	"Bacteria"	"Actinobacteria"	"Actinobacteria"	"Actinomycetales"	"Micromonosporaceae"	"Pilimelia"	NA
"316335"	5.414313	2.3268676	"Bacteria"	"Proteobacteria"	"Alphaproteobacteria"	"Rhizobiales"	"Hyphomicrobiaceae"	"Rhodoplanes"	NA
"1008533"	5.43422	2.3311412	"Bacteria"	"Bacteroidetes"	"Cytophagia"	"Cytophagales"	"Cytophagaceae"	NA	NA
"4369011"	5.4411297	2.332623	"Bacteria"	"Verrucomicrobia"	"[Pedosphaerae]"	"[Pedosphaerales]"	NA	NA	NA
"537655"	5.5325675	2.3521411	"Bacteria"	"Nitrospirae"	"Nitrospira"	"Nitrospirales"	"Nitrospiraceae"	"Nitrospira"	NA
"962736"	5.539777	2.353673	"Bacteria"	"Proteobacteria"	"Gammaproteobacteria"	"HTCC2188"	"HTCC2089"	NA	NA
"828127"	5.598021	2.3660138	"Bacteria"	"Proteobacteria"	"Deltaproteobacteria"	"NB1-j"	"NB1-i"	NA	NA
"559780"	5.71781	2.3911943	"Bacteria"	"Proteobacteria"	"Gammaproteobacteria"	"Xanthomonadales"	"Sinobacteraceae"	NA	NA
"581900"	5.7345824	2.3946989	"Bacteria"	"Proteobacteria"	"Gammaproteobacteria"	"Xanthomonadales"	"Sinobacteraceae"	NA	NA
"4350559"	5.770507	2.4021878	"Bacteria"	"Gemmatimonadetes"	"Gemm-1"	NA	NA	NA	NA
"1112326"	5.814609	2.41135	"Bacteria"	"Proteobacteria"	"Alphaproteobacteria"	"Rhizobiales"	"Hyphomicrobiaceae"	"Rhodoplanes"	NA
"541299"	5.832789	2.4151168	"Bacteria"	"Proteobacteria"	"Alphaproteobacteria"	"Caulobacterales"	"Caulobacteraceae"	"Phenylobacterium"	NA
"824723"	5.8798876	2.4248478	"Bacteria"	"Actinobacteria"	"Actinobacteria"	"Actinomycetales"	"Micrococcaceae"	"Arthrobacter"	"nitroguajacolicus"
"751138"	5.9335785	2.4358938	"Bacteria"	"Proteobacteria"	"Gammaproteobacteria"	"Xanthomonadales"	"Xanthomonadaceae"	"Lysobacter"	NA
"256569"	5.9587846	2.4410622	"Bacteria"	"Chlorobi"	NA	NA	NA	NA	NA
"269875"	5.9896965	2.4473855	"Bacteria"	"Proteobacteria"	"Deltaproteobacteria"	"Myxococcales"	"Haliangiaceae"	NA	NA
"224648"	6.000637	2.4496198	"Bacteria"	"Actinobacteria"	"MB-A2-108"	"0319-7L14"	NA	NA	NA
"944435"	6.0222774	2.454033	"Bacteria"	"Proteobacteria"	"Deltaproteobacteria"	"Myxococcales"	"Haliangiaceae"	NA	NA
"223441"	6.022461	2.4540703	"Bacteria"	"Actinobacteria"	"Acidimicrobiia"	"Acidimicrobiales"	NA	NA	NA
"2818167"	6.061478	2.462007	"Bacteria"	"Proteobacteria"	"Gammaproteobacteria"	"Xanthomonadales"	"Xanthomonadaceae"	NA	NA
"329490"	6.067261	2.463181	"Bacteria"	"Actinobacteria"	"Actinobacteria"	"Actinomycetales"	"Actinosynnemataceae"	"Lentzea"	NA
"206609"	6.0886836	2.4675257	"Bacteria"	"Proteobacteria"	"Betaproteobacteria"	"Ellin6067"	NA	NA	NA
"2591424"	6.1042337	2.4706748	"Bacteria"	"Proteobacteria"	"Deltaproteobacteria"	"Myxococcales"	NA	NA	NA
"1084157"	6.160403	2.4820158	"Bacteria"	"Actinobacteria"	"Actinobacteria"	"Actinomycetales"	"Intrasporangiaceae"	"Janibacter"	NA
"231447"	6.1722536	2.4844022	"Bacteria"	"Verrucomicrobia"	"Opitutae"	"Opitutales"	"Opitutaceae"	"Opitutus"	NA
"331521"	6.293078	2.5086007	"Bacteria"	"Nitrospirae"	"Nitrospira"	"Nitrospirales"	"0319-6A21"	NA	NA
"4308759"	6.320427	2.514046	"Bacteria"	"Proteobacteria"	"Deltaproteobacteria"	"Syntrophobacterales"	"Syntrophobacteraceae"	NA	NA
"1107637"	6.3489566	2.5197136	"Bacteria"	"Proteobacteria"	"Deltaproteobacteria"	"Syntrophobacterales"	"Syntrophobacteraceae"	NA	NA
"873887"	6.354975	2.5209076	"Bacteria"	"Actinobacteria"	"Thermoleophilia"	"Solirubrobacterales"	"Solirubrobacteraceae"	NA	NA
"812105"	6.504512	2.5503945	"Bacteria"	"WS3"	"PRR-12"	"Sediment-1"	"PRR-10"	NA	NA
"269781"	6.532701	2.5559149	"Bacteria"	"Proteobacteria"	"Alphaproteobacteria"	"Rhizobiales"	"Rhizobiaceae"	"Kaistia"	NA
"854368"	6.5761695	2.5644042	"Bacteria"	"Actinobacteria"	"Acidimicrobiia"	"Acidimicrobiales"	"EB1017"	NA	NA
"808919"	6.601613	2.5693605	"Bacteria"	"Proteobacteria"	"Deltaproteobacteria"	"Myxococcales"	"Polyangiaceae"	"Aetherobacter"	"fasciculatus"
"788632"	6.6049166	2.5700033	"Bacteria"	"Proteobacteria"	"Betaproteobacteria"	"Methylophilales"	"Methylophilaceae"	NA	NA
"591747"	6.655557	2.5798366	"Bacteria"	"Actinobacteria"	"Thermoleophilia"	"Gaiellales"	"Gaiellaceae"	NA	NA
"775560"	6.7703605	2.6019917	"Bacteria"	"Acidobacteria"	"PAUC37f"	NA	NA	NA	NA
"891898"	6.7849903	2.6048014	"Bacteria"	"Planctomycetes"	"Planctomycetia"	"Pirellulales"	"Pirellulaceae"	"Pirellula"	NA
"627435"	6.8020124	2.6080668	"Bacteria"	"Proteobacteria"	"Deltaproteobacteria"	"Myxococcales"	"0319-6G20"	NA	NA
"673712"	6.817916	2.611114	"Bacteria"	"Acidobacteria"	"RB25"	NA	NA	NA	NA
"4345857"	6.8251133	2.6124918	"Bacteria"	"Proteobacteria"	"Deltaproteobacteria"	"Myxococcales"	NA	NA	NA
"112952"	6.857268	2.6186385	"Bacteria"	"Chloroflexi"	"Ellin6529"	NA	NA	NA	NA
"514041"	6.934648	2.633372	"Bacteria"	"Proteobacteria"	"Alphaproteobacteria"	"Sphingomonadales"	"Sphingomonadaceae"	"Kaistobacter"	NA
"940737"	6.9532228	2.6368964	"Bacteria"	"Proteobacteria"	"Betaproteobacteria"	"Burkholderiales"	"Comamonadaceae"	"Aquincola"	"tertiaricarbonis"
"570552"	6.972571	2.6405625	"Bacteria"	"Actinobacteria"	"Actinobacteria"	"Actinomycetales"	"Microbacteriaceae"	"Agromyces"	NA
"553648"	6.9827833	2.6424956	"Bacteria"	"Proteobacteria"	"Gammaproteobacteria"	"Pseudomonadales"	"Pseudomonadaceae"	"Pseudomonas"	NA
"279206"	7.0260835	2.650676	"Bacteria"	"Proteobacteria"	"Deltaproteobacteria"	"Myxococcales"	"Haliangiaceae"	NA	NA
"648543"	7.056802	2.656464	"Bacteria"	"Actinobacteria"	"Thermoleophilia"	"Gaiellales"	"Gaiellaceae"	NA	NA
"539496"	7.1009417	2.6647592	"Bacteria"	"Proteobacteria"	"Deltaproteobacteria"	"Myxococcales"	NA	NA	NA
"586320"	7.1616497	2.6761258	"Bacteria"	"Verrucomicrobia"	"[Spartobacteria]"	"[Chthoniobacterales]"	"[Chthoniobacteraceae]"	"OR-59"	NA
"4324314"	7.162684	2.6763191	"Bacteria"	"Bacteroidetes"	"[Saprospirae]"	"[Saprospirales]"	"Chitinophagaceae"	NA	NA
"221349"	7.298842	2.7016368	"Bacteria"	"Gemmatimonadetes"	"Gemmatimonadetes"	"N1423WL"	NA	NA	NA
"620224"	7.327119	2.706865	"Bacteria"	"Proteobacteria"	"Deltaproteobacteria"	"Syntrophobacterales"	"Syntrophobacteraceae"	NA	NA
"4358255"	7.374856	2.7156687	"Bacteria"	"Proteobacteria"	"Deltaproteobacteria"	"Myxococcales"	NA	NA	NA
"144633"	7.451486	2.729741	"Bacteria"	"Chloroflexi"	"Anaerolineae"	"H39"	NA	NA	NA
"945733"	7.4652786	2.7322662	"Bacteria"	"Bacteroidetes"	"[Saprospirae]"	"[Saprospirales]"	"Chitinophagaceae"	NA	NA
"989109"	7.593984	2.7557185	"Bacteria"	"Proteobacteria"	"Alphaproteobacteria"	"Sphingomonadales"	"Sphingomonadaceae"	"Kaistobacter"	NA
"304694"	7.636491	2.76342	"Bacteria"	"Proteobacteria"	"Alphaproteobacteria"	"Rhizobiales"	NA	NA	NA
"4302753"	7.638206	2.7637305	"Bacteria"	"Proteobacteria"	"Deltaproteobacteria"	"Myxococcales"	NA	NA	NA
"965853"	7.6831965	2.771858	"Bacteria"	"Actinobacteria"	"Thermoleophilia"	"Solirubrobacterales"	NA	NA	NA
"939101"	7.691944	2.7734354	"Bacteria"	"Bacteroidetes"	"[Saprospirae]"	"[Saprospirales]"	"Chitinophagaceae"	NA	NA
"589500"	7.793918	2.791759	"Bacteria"	"Proteobacteria"	"Alphaproteobacteria"	"Rhizobiales"	"Hyphomicrobiaceae"	"Hyphomicrobium"	NA
"969805"	7.7948976	2.7919345	"Bacteria"	"Proteobacteria"	"Alphaproteobacteria"	"Rhizobiales"	"Rhizobiaceae"	"Agrobacterium"	NA
"236466"	7.9220114	2.814607	"Bacteria"	"Actinobacteria"	"Actinobacteria"	"Actinomycetales"	"Microbacteriaceae"	"Agromyces"	NA
"960076"	7.936061	2.8171015	"Bacteria"	"Bacteroidetes"	"Flavobacteriia"	"Flavobacteriales"	"Flavobacteriaceae"	"Flavobacterium"	NA
"814295"	7.942232	2.8181965	"Bacteria"	"Acidobacteria"	"[Chloracidobacteria]"	"RB41"	"Ellin6075"	NA	NA
"515709"	7.951115	2.8197722	"Bacteria"	"Proteobacteria"	"Alphaproteobacteria"	"Rhizobiales"	"Hyphomicrobiaceae"	"Rhodoplanes"	NA
"541741"	7.9845695	2.8256981	"Bacteria"	"Acidobacteria"	"Acidobacteria-6"	"iii1-15"	NA	NA	NA
"876519"	8.117642	2.8491476	"Bacteria"	"Proteobacteria"	"Alphaproteobacteria"	"Rhizobiales"	"Hyphomicrobiaceae"	NA	NA
"918840"	8.169606	2.8582523	"Bacteria"	"Actinobacteria"	"Actinobacteria"	"Actinomycetales"	"Pseudonocardiaceae"	"Pseudonocardia"	NA
"4346961"	8.195519	2.8627818	"Bacteria"	"Chloroflexi"	"Ellin6529"	NA	NA	NA	NA
"142384"	8.207589	2.8648891	"Bacteria"	"Proteobacteria"	"Betaproteobacteria"	"A21b"	"UD5"	NA	NA
"570407"	8.221595	2.8673325	"Bacteria"	"Verrucomicrobia"	"[Pedosphaerae]"	"[Pedosphaerales]"	"Ellin517"	NA	NA
"824146"	8.228327	2.868506	"Bacteria"	"Proteobacteria"	"Alphaproteobacteria"	"Sphingomonadales"	"Sphingomonadaceae"	"Kaistobacter"	NA
"624312"	8.260901	2.8741784	"Bacteria"	"Verrucomicrobia"	"[Spartobacteria]"	"[Chthoniobacterales]"	"[Chthoniobacteraceae]"	NA	NA
"217700"	8.414292	2.90074	"Bacteria"	"Armatimonadetes"	"[Fimbriimonadia]"	"[Fimbriimonadales]"	"[Fimbriimonadaceae]"	"Fimbriimonas"	NA
"2946783"	8.430812	2.9035861	"Bacteria"	"Proteobacteria"	"Alphaproteobacteria"	"Sphingomonadales"	"Erythrobacteraceae"	NA	NA
"551895"	8.469779	2.9102886	"Bacteria"	"Bacteroidetes"	"[Saprospirae]"	"[Saprospirales]"	"Chitinophagaceae"	NA	NA
"214676"	8.484659	2.912844	"Bacteria"	"Gemmatimonadetes"	"Gemmatimonadetes"	"N1423WL"	NA	NA	NA
"943138"	8.499086	2.9153192	"Bacteria"	"Bacteroidetes"	"Cytophagia"	"Cytophagales"	"Cytophagaceae"	NA	NA
"58633"	8.54878	2.9238298	"Bacteria"	"Bacteroidetes"	"[Saprospirae]"	"[Saprospirales]"	"Chitinophagaceae"	"Chitinophaga"	NA
"567333"	8.605433	2.933502	"Bacteria"	"Proteobacteria"	"Betaproteobacteria"	NA	NA	NA	NA
"817349"	8.607031	2.9337742	"Bacteria"	"Proteobacteria"	"Gammaproteobacteria"	"Acidithiobacillales"	NA	NA	NA
"358664"	8.64001	2.9393895	"Bacteria"	"Verrucomicrobia"	"[Spartobacteria]"	"[Chthoniobacterales]"	"[Chthoniobacteraceae]"	NA	NA
"1044436"	8.647747	2.9407053	"Bacteria"	"Proteobacteria"	"Deltaproteobacteria"	"Syntrophobacterales"	"Syntrophobacteraceae"	NA	NA
"996116"	8.670926	2.9446437	"Bacteria"	"Actinobacteria"	"Actinobacteria"	"Actinomycetales"	"Nocardioidaceae"	NA	NA
"564004"	8.688741	2.947667	"Bacteria"	"Proteobacteria"	"Alphaproteobacteria"	"Rhodospirillales"	"Rhodospirillaceae"	NA	NA
"812809"	8.688969	2.9477057	"Bacteria"	"Acidobacteria"	"Acidobacteria-5"	NA	NA	NA	NA
"341698"	8.704712	2.9503748	"Bacteria"	"Verrucomicrobia"	"Verrucomicrobiae"	"Verrucomicrobiales"	"Verrucomicrobiaceae"	NA	NA
"849092"	8.721827	2.9532738	"Bacteria"	"Bacteroidetes"	"Cytophagia"	"Cytophagales"	"Cytophagaceae"	NA	NA
"207355"	8.784455	2.9638581	"Bacteria"	"Chloroflexi"	"Anaerolineae"	"SBR1031"	"A4b"	NA	NA
"529067"	8.806794	2.9676244	"Bacteria"	"Planctomycetes"	"Planctomycetia"	"Pirellulales"	"Pirellulaceae"	NA	NA
"587540"	8.811053	2.9683418	"Bacteria"	"Proteobacteria"	"Gammaproteobacteria"	"Xanthomonadales"	"Sinobacteraceae"	NA	NA
"1125248"	8.900544	2.983378	"Bacteria"	"Proteobacteria"	"Gammaproteobacteria"	"Xanthomonadales"	"Xanthomonadaceae"	"Dokdonella"	NA
"216350"	8.99855	2.9997585	"Bacteria"	"Bacteroidetes"	"[Saprospirae]"	"[Saprospirales]"	"Chitinophagaceae"	NA	NA
"252274"	9.223621	3.0370417	"Bacteria"	"Proteobacteria"	"Alphaproteobacteria"	"Rhizobiales"	NA	NA	NA
"565604"	9.29874	3.0493836	"Bacteria"	"Proteobacteria"	"Deltaproteobacteria"	"Myxococcales"	NA	NA	NA
"3581990"	9.344565	3.056888	"Bacteria"	"Proteobacteria"	"Alphaproteobacteria"	"Rhizobiales"	"Bradyrhizobiaceae"	NA	NA
"142233"	9.356245	3.058798	"Bacteria"	"Verrucomicrobia"	"Opitutae"	"Opitutales"	"Opitutaceae"	"Opitutus"	NA
"4318356"	9.379313	3.0625665	"Bacteria"	"Verrucomicrobia"	"[Spartobacteria]"	"[Chthoniobacterales]"	"[Chthoniobacteraceae]"	NA	NA
"931643"	9.510161	3.083855	"Bacteria"	"Proteobacteria"	"Betaproteobacteria"	"Burkholderiales"	"Comamonadaceae"	"Acidovorax"	NA
"577068"	9.5339	3.0877016	"Bacteria"	"Proteobacteria"	"Betaproteobacteria"	"MND1"	NA	NA	NA
"828667"	9.597617	3.0980022	"Bacteria"	"Actinobacteria"	"Actinobacteria"	"Actinomycetales"	"Micrococcaceae"	NA	NA
"545247"	9.962129	3.156284	"Bacteria"	"Proteobacteria"	"Alphaproteobacteria"	"Rhizobiales"	"Hyphomicrobiaceae"	"Rhodoplanes"	NA
"1108830"	9.980691	3.159223	"Bacteria"	"Proteobacteria"	"Alphaproteobacteria"	"Rhizobiales"	"Methylocystaceae"	NA	NA
"580625"	10.03702	3.1681256	"Bacteria"	"Proteobacteria"	"Alphaproteobacteria"	"Rhizobiales"	"Bradyrhizobiaceae"	NA	NA
"1032653"	10.334302	3.214701	"Bacteria"	"Actinobacteria"	"Thermoleophilia"	"Solirubrobacterales"	"Solirubrobacteraceae"	NA	NA
"545548"	10.395841	3.2242582	"Bacteria"	"Chloroflexi"	"Chloroflexi"	"[Roseiflexales]"	"[Kouleothrixaceae]"	NA	NA
"1105814"	10.523263	3.243958	"Bacteria"	"Proteobacteria"	"Alphaproteobacteria"	"Rhizobiales"	"Bradyrhizobiaceae"	"Bradyrhizobium"	NA
"1048878"	10.800171	3.2863615	"Bacteria"	"Proteobacteria"	"Betaproteobacteria"	"Burkholderiales"	"Comamonadaceae"	"Variovorax"	"paradoxus"
"160311"	10.827374	3.2904975	"Bacteria"	"Actinobacteria"	"Thermoleophilia"	"Gaiellales"	"Gaiellaceae"	NA	NA
"824826"	10.887222	3.2995791	"Bacteria"	"Proteobacteria"	"Alphaproteobacteria"	NA	NA	NA	NA
"1104437"	10.912815	3.303455	"Bacteria"	"Bacteroidetes"	"[Saprospirae]"	"[Saprospirales]"	"Saprospiraceae"	NA	NA
"4322410"	11.044125	3.32327	"Bacteria"	"Proteobacteria"	"Alphaproteobacteria"	"Rhodospirillales"	"Rhodospirillaceae"	"Skermanella"	NA
"697989"	11.09904	3.3315222	"Bacteria"	"Acidobacteria"	"[Chloracidobacteria]"	"RB41"	NA	NA	NA
"246466"	11.232923	3.3515553	"Bacteria"	"Acidobacteria"	"Acidobacteria-6"	"iii1-15"	NA	NA	NA
"550164"	11.274876	3.357808	"Bacteria"	"Bacteroidetes"	"Cytophagia"	"Cytophagales"	"Cytophagaceae"	NA	NA
"336057"	11.287626	3.3597062	"Bacteria"	"Bacteroidetes"	"Sphingobacteriia"	"Sphingobacteriales"	NA	NA	NA
"562438"	11.383512	3.373946	"Bacteria"	"Acidobacteria"	"Acidobacteria-6"	"iii1-15"	NA	NA	NA
"221791"	11.411478	3.378088	"Bacteria"	"Acidobacteria"	"iii1-8"	"32-20"	NA	NA	NA
"568461"	11.47115	3.3869088	"Bacteria"	"Actinobacteria"	"Thermoleophilia"	"Gaiellales"	"Gaiellaceae"	NA	NA
"3468909"	11.516457	3.3935905	"Bacteria"	"Gemmatimonadetes"	"Gemmatimonadetes"	"N1423WL"	NA	NA	NA
"510591"	11.540333	3.3971066	"Bacteria"	"Bacteroidetes"	"[Saprospirae]"	"[Saprospirales]"	"Chitinophagaceae"	NA	NA
"691349"	11.601912	3.406158	"Bacteria"	"Proteobacteria"	"Gammaproteobacteria"	"Xanthomonadales"	"Sinobacteraceae"	NA	NA
"571484"	11.66029	3.4147167	"Bacteria"	"Proteobacteria"	"Betaproteobacteria"	"Methylophilales"	"Methylophilaceae"	NA	NA
"822571"	11.671088	3.4162974	"Bacteria"	"Verrucomicrobia"	"[Pedosphaerae]"	"[Pedosphaerales]"	NA	NA	NA
"576059"	11.891364	3.4483857	"Bacteria"	"Acidobacteria"	"Solibacteres"	"Solibacterales"	"Solibacteraceae"	"Candidatus Solibacter"	NA
"816441"	11.924749	3.453223	"Bacteria"	"Proteobacteria"	"Gammaproteobacteria"	"Xanthomonadales"	"Sinobacteraceae"	"Steroidobacter"	NA
"547608"	11.958207	3.458064	"Bacteria"	"Acidobacteria"	"[Chloracidobacteria]"	"RB41"	NA	NA	NA
"997544"	12.165962	3.487974	"Bacteria"	"Bacteroidetes"	"[Saprospirae]"	"[Saprospirales]"	"Chitinophagaceae"	"Flavisolibacter"	NA
"1116937"	12.172383	3.4888942	"Bacteria"	"Verrucomicrobia"	"[Pedosphaerae]"	"[Pedosphaerales]"	NA	NA	NA
"1132235"	12.18422	3.4905903	"Bacteria"	"Actinobacteria"	"Thermoleophilia"	"Solirubrobacterales"	NA	NA	NA
"208805"	12.339242	3.5127258	"Bacteria"	"Bacteroidetes"	"[Saprospirae]"	"[Saprospirales]"	"Chitinophagaceae"	NA	NA
"150877"	12.462009	3.530157	"Bacteria"	"Proteobacteria"	"Alphaproteobacteria"	"Rhizobiales"	"Hyphomicrobiaceae"	"Rhodoplanes"	NA
"1093690"	12.553951	3.5431557	"Bacteria"	"Verrucomicrobia"	"[Pedosphaerae]"	"[Pedosphaerales]"	"Ellin517"	NA	NA
"558911"	12.595762	3.5490508	"Bacteria"	"Actinobacteria"	"Actinobacteria"	"Actinomycetales"	"Nocardioidaceae"	"Kribbella"	NA
"1062748"	12.8064995	3.578617	"Bacteria"	"Actinobacteria"	"Actinobacteria"	"Actinomycetales"	"Mycobacteriaceae"	"Mycobacterium"	NA
"906820"	12.809569	3.5790458	"Bacteria"	"Proteobacteria"	"Alphaproteobacteria"	"Rhodospirillales"	"Rhodospirillaceae"	"Skermanella"	NA
"578508"	12.874158	3.5880578	"Bacteria"	"Verrucomicrobia"	"[Spartobacteria]"	"[Chthoniobacterales]"	"[Chthoniobacteraceae]"	"Candidatus Xiphinematobacter"	NA
"544711"	13.109517	3.6207068	"Bacteria"	"Bacteroidetes"	"Cytophagia"	"Cytophagales"	"Cytophagaceae"	NA	NA
"103869"	13.24447	3.639295	"Bacteria"	"Gemmatimonadetes"	"Gemmatimonadetes"	"N1423WL"	NA	NA	NA
"358489"	13.286406	3.6450522	"Bacteria"	"Acidobacteria"	"Acidobacteria-6"	"iii1-15"	"mb2424"	NA	NA
"693971"	13.3568	3.6546955	"Bacteria"	"Acidobacteria"	"Solibacteres"	"Solibacterales"	NA	NA	NA
"588861"	13.474611	3.670778	"Bacteria"	"Chloroflexi"	"Chloroflexi"	"[Roseiflexales]"	"[Kouleothrixaceae]"	NA	NA
"249571"	13.505223	3.6749454	"Bacteria"	"Actinobacteria"	"Actinobacteria"	"Actinomycetales"	"Micromonosporaceae"	NA	NA
"925200"	13.722104	3.704336	"Bacteria"	"Actinobacteria"	"Thermoleophilia"	"Solirubrobacterales"	"Conexibacteraceae"	NA	NA
"328081"	13.783099	3.7125597	"Bacteria"	"Actinobacteria"	"Actinobacteria"	"Actinomycetales"	"Nocardioidaceae"	NA	NA
"130710"	13.800925	3.7149596	"Bacteria"	"Actinobacteria"	"Actinobacteria"	"Actinomycetales"	"Micrococcaceae"	NA	NA
"100737"	13.933534	3.732765	"Bacteria"	"Verrucomicrobia"	"Opitutae"	"Opitutales"	"Opitutaceae"	NA	NA
"813418"	13.957318	3.7359495	"Bacteria"	"Proteobacteria"	"Alphaproteobacteria"	"Sphingomonadales"	"Sphingomonadaceae"	NA	NA
"361264"	13.973466	3.7381098	"Bacteria"	"Acidobacteria"	"Acidobacteria-6"	"iii1-15"	NA	NA	NA
"998905"	14.037871	3.7467148	"Bacteria"	"Proteobacteria"	"Alphaproteobacteria"	"Caulobacterales"	"Caulobacteraceae"	"Mycoplana"	NA
"1016118"	14.046012	3.7478008	"Bacteria"	"Proteobacteria"	"Deltaproteobacteria"	"Myxococcales"	NA	NA	NA
"278390"	14.087897	3.7533848	"Bacteria"	"Bacteroidetes"	"[Saprospirae]"	"[Saprospirales]"	"Chitinophagaceae"	NA	NA
"1087325"	14.176387	3.7651544	"Bacteria"	"Actinobacteria"	"Actinobacteria"	"Actinomycetales"	"Streptomycetaceae"	NA	NA
"361372"	14.269089	3.7774448	"Bacteria"	"Bacteroidetes"	"Cytophagia"	"Cytophagales"	NA	NA	NA
"937954"	14.349328	3.7880507	"Bacteria"	"Bacteroidetes"	"[Saprospirae]"	"[Saprospirales]"	"Chitinophagaceae"	NA	NA
"865520"	14.371034	3.7909145	"Bacteria"	"Bacteroidetes"	"[Saprospirae]"	"[Saprospirales]"	"Chitinophagaceae"	NA	NA
"664216"	14.382103	3.7923744	"Bacteria"	"Acidobacteria"	"[Chloracidobacteria]"	"RB41"	NA	NA	NA
"1107128"	14.435659	3.799429	"Bacteria"	"Verrucomicrobia"	"[Spartobacteria]"	"[Chthoniobacterales]"	"[Chthoniobacteraceae]"	"DA101"	NA
"882681"	14.711946	3.8356154	"Bacteria"	"Bacteroidetes"	"[Saprospirae]"	"[Saprospirales]"	"Chitinophagaceae"	NA	NA
"314599"	14.768042	3.842921	"Bacteria"	"Gemmatimonadetes"	"Gemm-1"	NA	NA	NA	NA
"185100"	14.986013	3.8711772	"Bacteria"	"Proteobacteria"	"Deltaproteobacteria"	"Bdellovibrionales"	"Bacteriovoracaceae"	NA	NA
"743788"	15.03664	3.8777106	"Bacteria"	"Actinobacteria"	"Actinobacteria"	"Actinomycetales"	"Actinosynnemataceae"	"Saccharothrix"	NA
"573135"	15.0689745	3.8818777	"Bacteria"	"Proteobacteria"	"Alphaproteobacteria"	"Rhizobiales"	"Bradyrhizobiaceae"	"Bradyrhizobium"	NA
"1011958"	15.148811	3.8921473	"Bacteria"	"Verrucomicrobia"	"[Spartobacteria]"	"[Chthoniobacterales]"	"[Chthoniobacteraceae]"	NA	NA
"719367"	15.162176	3.893864	"Bacteria"	"Proteobacteria"	"Betaproteobacteria"	"Burkholderiales"	"Comamonadaceae"	NA	NA
"220524"	15.229592	3.9025111	"Bacteria"	"Actinobacteria"	"Actinobacteria"	"Actinomycetales"	"Nakamurellaceae"	NA	NA
"1081222"	15.297073	3.9111474	"Bacteria"	"Firmicutes"	"Bacilli"	"Bacillales"	"Paenibacillaceae"	"Paenibacillus"	NA
"810167"	15.601513	3.949875	"Bacteria"	"Proteobacteria"	"Betaproteobacteria"	"Burkholderiales"	"Comamonadaceae"	"Methylibium"	NA
"674370"	15.710045	3.96359	"Bacteria"	"Proteobacteria"	"Alphaproteobacteria"	"Rhizobiales"	"Hyphomicrobiaceae"	"Devosia"	NA
"783660"	15.790967	3.973785	"Bacteria"	"Acidobacteria"	"Acidobacteriia"	"Acidobacteriales"	"Koribacteraceae"	"Candidatus Koribacter"	NA
"549557"	15.792616	3.9739923	"Bacteria"	"Actinobacteria"	"Actinobacteria"	"Actinomycetales"	"Nocardioidaceae"	NA	NA
"360823"	15.8384285	3.9797523	"Bacteria"	"Acidobacteria"	"Acidobacteria-6"	"iii1-15"	NA	NA	NA
"879040"	15.8695345	3.9836583	"Bacteria"	"Proteobacteria"	"Alphaproteobacteria"	"Sphingomonadales"	"Sphingomonadaceae"	"Kaistobacter"	NA
"1060517"	15.912932	3.9891016	"Bacteria"	"Proteobacteria"	"Betaproteobacteria"	"Burkholderiales"	"Oxalobacteraceae"	"Janthinobacterium"	NA
"570086"	15.946847	3.9933503	"Bacteria"	"Bacteroidetes"	"Flavobacteriia"	"Flavobacteriales"	"Cryomorphaceae"	"Fluviicola"	NA
"1108726"	15.956666	3.9945796	"Bacteria"	"Proteobacteria"	"Betaproteobacteria"	"Burkholderiales"	"Comamonadaceae"	"Methylibium"	NA
"4379833"	15.974281	3.996784	"Bacteria"	"Bacteroidetes"	"Cytophagia"	"Cytophagales"	"Cytophagaceae"	NA	NA
"1106130"	16.045254	4.005653	"Bacteria"	"Actinobacteria"	"Actinobacteria"	"Actinomycetales"	"Streptomycetaceae"	NA	NA
"547806"	16.149336	4.018624	"Bacteria"	"Actinobacteria"	"Actinobacteria"	"Actinomycetales"	"Actinosynnemataceae"	"Lentzea"	"albidocapillata"
"831179"	16.324785	4.0403943	"Bacteria"	"Proteobacteria"	"Betaproteobacteria"	"Burkholderiales"	"Comamonadaceae"	NA	NA
"1105574"	16.398195	4.0494685	"Bacteria"	"Proteobacteria"	"Betaproteobacteria"	"Burkholderiales"	"Oxalobacteraceae"	NA	NA
"810959"	16.449377	4.0557833	"Bacteria"	"Actinobacteria"	"Actinobacteria"	"Actinomycetales"	"Intrasporangiaceae"	"Knoellia"	NA
"1897510"	16.515945	4.0639815	"Bacteria"	"Proteobacteria"	"Deltaproteobacteria"	"Myxococcales"	"Haliangiaceae"	NA	NA
"1068902"	16.591242	4.073235	"Bacteria"	"Actinobacteria"	"Actinobacteria"	"Actinomycetales"	"Nocardioidaceae"	"Aeromicrobium"	NA
"254401"	16.611917	4.075772	"Bacteria"	"Proteobacteria"	"Alphaproteobacteria"	"Caulobacterales"	"Caulobacteraceae"	"Phenylobacterium"	NA
"729145"	16.681726	4.0843267	"Bacteria"	"Acidobacteria"	"Solibacteres"	"Solibacterales"	"Solibacteraceae"	"Candidatus Solibacter"	NA
"46818"	16.718267	4.0887976	"Bacteria"	"Proteobacteria"	"Alphaproteobacteria"	"Caulobacterales"	"Caulobacteraceae"	"Phenylobacterium"	NA
"750320"	16.768946	4.0949903	"Bacteria"	"Proteobacteria"	"Deltaproteobacteria"	"Myxococcales"	"Polyangiaceae"	"Sorangium"	"cellulosum"
"586388"	16.783272	4.0967393	"Bacteria"	"Proteobacteria"	"Alphaproteobacteria"	"Rhizobiales"	"Phyllobacteriaceae"	NA	NA
"537115"	16.956736	4.1178555	"Bacteria"	"Verrucomicrobia"	"[Pedosphaerae]"	"[Pedosphaerales]"	"Ellin515"	NA	NA
"754410"	17.02704	4.1263833	"Bacteria"	"Proteobacteria"	"Alphaproteobacteria"	"Sphingomonadales"	"Sphingomonadaceae"	NA	NA
"896276"	17.03452	4.12729	"Bacteria"	"Bacteroidetes"	"Sphingobacteriia"	"Sphingobacteriales"	"Sphingobacteriaceae"	"Pedobacter"	NA
"240506"	17.24847	4.1531277	"Bacteria"	"Proteobacteria"	"Deltaproteobacteria"	"Myxococcales"	NA	NA	NA
"735782"	17.277927	4.1566725	"Bacteria"	"Acidobacteria"	"[Chloracidobacteria]"	"RB41"	NA	NA	NA
"765871"	17.289167	4.1580243	"Bacteria"	"Acidobacteria"	"Acidobacteria-6"	"iii1-15"	NA	NA	NA
"1640195"	17.337313	4.16381	"Bacteria"	"Proteobacteria"	"Alphaproteobacteria"	"Rhodospirillales"	"Rhodospirillaceae"	NA	NA
"993474"	17.41785	4.17347	"Bacteria"	"Actinobacteria"	"Actinobacteria"	"Actinomycetales"	"Pseudonocardiaceae"	"Pseudonocardia"	NA
"215003"	17.467308	4.179391	"Bacteria"	"Actinobacteria"	"Acidimicrobiia"	"Acidimicrobiales"	NA	NA	NA
"345333"	17.52942	4.1868153	"Bacteria"	"Proteobacteria"	"Alphaproteobacteria"	"Rhizobiales"	"Phyllobacteriaceae"	"Phyllobacterium"	NA
"319944"	17.641598	4.20019	"Bacteria"	"Actinobacteria"	"Thermoleophilia"	"Solirubrobacterales"	NA	NA	NA
"1096572"	18.092884	4.253573	"Bacteria"	"Actinobacteria"	"Thermoleophilia"	"Gaiellales"	"Gaiellaceae"	NA	NA
"1044581"	18.333544	4.281769	"Bacteria"	"Actinobacteria"	"Thermoleophilia"	"Solirubrobacterales"	NA	NA	NA
"567336"	18.40606	4.2902284	"Bacteria"	"Proteobacteria"	"Alphaproteobacteria"	"Rhizobiales"	NA	NA	NA
"594040"	18.593845	4.312058	"Bacteria"	"Bacteroidetes"	"[Saprospirae]"	"[Saprospirales]"	"Chitinophagaceae"	"Flavisolibacter"	NA
"590601"	18.731638	4.3280063	"Bacteria"	"Proteobacteria"	"Betaproteobacteria"	"Burkholderiales"	"Oxalobacteraceae"	NA	NA
"852722"	18.733444	4.328215	"Bacteria"	"Proteobacteria"	"Deltaproteobacteria"	"Spirobacillales"	NA	NA	NA
"338196"	18.771542	4.332614	"Bacteria"	"Acidobacteria"	"Acidobacteria-6"	"iii1-15"	NA	NA	NA
"1107346"	18.834412	4.3398633	"Bacteria"	"Acidobacteria"	"[Chloracidobacteria]"	"RB41"	NA	NA	NA
"849156"	18.987226	4.3574333	"Bacteria"	"Proteobacteria"	"Betaproteobacteria"	"Burkholderiales"	"Oxalobacteraceae"	NA	NA
"532331"	18.999664	4.3588605	"Bacteria"	"Bacteroidetes"	"Cytophagia"	"Cytophagales"	"Cytophagaceae"	NA	NA
"1052930"	19.059315	4.3656974	"Bacteria"	"Proteobacteria"	"Gammaproteobacteria"	"Xanthomonadales"	"Xanthomonadaceae"	"Luteimonas"	NA
"1144575"	19.071733	4.36712	"Bacteria"	"Proteobacteria"	"Deltaproteobacteria"	"Myxococcales"	NA	NA	NA
"254392"	19.16155	4.377391	"Bacteria"	"Proteobacteria"	"Betaproteobacteria"	"Ellin6067"	NA	NA	NA
"610753"	19.215712	4.383573	"Bacteria"	"Proteobacteria"	"Alphaproteobacteria"	"Rhizobiales"	"Phyllobacteriaceae"	NA	NA
"4318042"	19.263515	4.3890224	"Bacteria"	"Bacteroidetes"	"Sphingobacteriia"	"Sphingobacteriales"	"Sphingobacteriaceae"	NA	NA
"142010"	19.269058	4.3896537	"Bacteria"	"Verrucomicrobia"	"Opitutae"	"Opitutales"	"Opitutaceae"	"Opitutus"	NA
"814282"	19.284992	4.391468	"Bacteria"	"Proteobacteria"	"Alphaproteobacteria"	"Sphingomonadales"	"Erythrobacteraceae"	NA	NA
"1024056"	19.394144	4.403878	"Bacteria"	"Proteobacteria"	"Alphaproteobacteria"	"Rhodospirillales"	"Rhodospirillaceae"	NA	NA
"538111"	19.65382	4.433263	"Bacteria"	"Actinobacteria"	"Actinobacteria"	"Actinomycetales"	"Intrasporangiaceae"	NA	NA
"494339"	19.685743	4.436862	"Bacteria"	"Proteobacteria"	"Alphaproteobacteria"	"Sphingomonadales"	"Sphingomonadaceae"	"Sphingomonas"	"wittichii"
"173004"	19.771055	4.4464655	"Bacteria"	"Nitrospirae"	"Nitrospira"	"Nitrospirales"	"Nitrospiraceae"	"Nitrospira"	NA
"920852"	19.790133	4.4486103	"Bacteria"	"Actinobacteria"	"Actinobacteria"	"Actinomycetales"	"Streptomycetaceae"	"Streptomyces"	"mirabilis"
"214791"	20.399397	4.516569	"Bacteria"	"Proteobacteria"	"Alphaproteobacteria"	"Rhizobiales"	"Hyphomicrobiaceae"	"Rhodoplanes"	NA
"822806"	20.565887	4.5349627	"Bacteria"	"Chloroflexi"	"Anaerolineae"	"SBR1031"	"A4b"	NA	NA
"142247"	20.644104	4.543578	"Bacteria"	"Bacteroidetes"	"Cytophagia"	"Cytophagales"	"Cytophagaceae"	NA	NA
"225379"	20.696611	4.5493526	"Bacteria"	"Acidobacteria"	"Sva0725"	"Sva0725"	NA	NA	NA
"837424"	20.837002	4.5647564	"Bacteria"	"Proteobacteria"	"Alphaproteobacteria"	"Rhodobacterales"	"Hyphomonadaceae"	NA	NA
"367995"	20.953648	4.5775156	"Bacteria"	"Proteobacteria"	"Alphaproteobacteria"	"Sphingomonadales"	"Sphingomonadaceae"	"Kaistobacter"	NA
"209233"	21.130472	4.5967894	"Bacteria"	"Bacteroidetes"	"[Saprospirae]"	"[Saprospirales]"	"Chitinophagaceae"	NA	NA
"1105280"	21.175821	4.6017194	"Bacteria"	"Proteobacteria"	"Betaproteobacteria"	"Burkholderiales"	"Burkholderiaceae"	NA	NA
"209613"	21.350126	4.62062	"Bacteria"	"Gemmatimonadetes"	"Gemm-1"	NA	NA	NA	NA
"811263"	21.495173	4.6362886	"Bacteria"	"Actinobacteria"	"Thermoleophilia"	"Gaiellales"	"Gaiellaceae"	NA	NA
"1017063"	21.76711	4.6655235	"Bacteria"	"Proteobacteria"	"Deltaproteobacteria"	"Myxococcales"	"Polyangiaceae"	NA	NA
"654742"	21.830673	4.6723304	"Bacteria"	"Proteobacteria"	"Alphaproteobacteria"	"Sphingomonadales"	"Sphingomonadaceae"	"Kaistobacter"	NA
"2834426"	22.319092	4.7243085	"Bacteria"	"Acidobacteria"	"iii1-8"	"DS-18"	NA	NA	NA
"237257"	22.563454	4.7501006	"Bacteria"	"Chloroflexi"	"Anaerolineae"	"envOPS12"	NA	NA	NA
"938039"	22.658993	4.760146	"Bacteria"	"Bacteroidetes"	"[Saprospirae]"	"[Saprospirales]"	"Chitinophagaceae"	NA	NA
"141365"	22.937063	4.7892656	"Bacteria"	"Proteobacteria"	"Gammaproteobacteria"	"Pseudomonadales"	"Pseudomonadaceae"	NA	NA
"552687"	22.968266	4.792522	"Bacteria"	"Proteobacteria"	"Alphaproteobacteria"	"Sphingomonadales"	"Sphingomonadaceae"	"Sphingomonas"	"wittichii"
"592129"	23.160364	4.8125215	"Bacteria"	"Verrucomicrobia"	"Opitutae"	"Opitutales"	"Opitutaceae"	"Opitutus"	NA
"358785"	23.22086	4.818803	"Bacteria"	"Proteobacteria"	"Alphaproteobacteria"	"Rhizobiales"	"Hyphomicrobiaceae"	"Rhodoplanes"	NA
"254007"	23.322607	4.8293486	"Bacteria"	"Verrucomicrobia"	"[Pedosphaerae]"	"[Pedosphaerales]"	NA	NA	NA
"336745"	23.714418	4.8697453	"Bacteria"	"Proteobacteria"	"Deltaproteobacteria"	"Myxococcales"	NA	NA	NA
"513055"	23.722898	4.870616	"Bacteria"	"Proteobacteria"	"Gammaproteobacteria"	"Xanthomonadales"	"Sinobacteraceae"	"Steroidobacter"	NA
"987696"	23.833424	4.881949	"Bacteria"	"Bacteroidetes"	"Sphingobacteriia"	"Sphingobacteriales"	"Sphingobacteriaceae"	"Pedobacter"	NA
"878663"	24.406237	4.940267	"Bacteria"	"Proteobacteria"	"Alphaproteobacteria"	"Sphingomonadales"	"Sphingomonadaceae"	NA	NA
"417101"	24.602308	4.9600716	"Bacteria"	"Proteobacteria"	"Alphaproteobacteria"	"Ellin329"	NA	NA	NA
"594013"	24.631443	4.9630075	"Bacteria"	"Bacteroidetes"	"[Saprospirae]"	"[Saprospirales]"	"Chitinophagaceae"	NA	NA
"892000"	24.67464	4.9673576	"Bacteria"	"Acidobacteria"	"Acidobacteria-6"	"iii1-15"	NA	NA	NA
"852162"	24.721159	4.972038	"Bacteria"	"Bacteroidetes"	"[Saprospirae]"	"[Saprospirales]"	"Chitinophagaceae"	NA	NA
"802011"	24.750675	4.975005	"Bacteria"	"Proteobacteria"	"Betaproteobacteria"	"Methylophilales"	"Methylophilaceae"	NA	NA
"218116"	24.885208	4.9885077	"Bacteria"	"Verrucomicrobia"	"[Pedosphaerae]"	"[Pedosphaerales]"	"Ellin517"	NA	NA
"1053775"	24.960154	4.9960136	"Bacteria"	"Proteobacteria"	"Alphaproteobacteria"	"Rhizobiales"	"Hyphomicrobiaceae"	"Devosia"	NA
"540510"	25.293486	5.029263	"Bacteria"	"Bacteroidetes"	"[Saprospirae]"	"[Saprospirales]"	"Chitinophagaceae"	"Flavisolibacter"	NA
"662808"	25.313389	5.0312414	"Bacteria"	"Firmicutes"	"Bacilli"	"Bacillales"	"Paenibacillaceae"	"Paenibacillus"	"chondroitinus"
"138920"	25.414543	5.041284	"Bacteria"	"Acidobacteria"	"Acidobacteria-5"	NA	NA	NA	NA
"1015017"	26.297895	5.1281476	"Bacteria"	"Proteobacteria"	"Deltaproteobacteria"	"Myxococcales"	"Nannocystaceae"	"Nannocystis"	"exedens"
"709971"	26.596235	5.1571536	"Bacteria"	"Proteobacteria"	"Alphaproteobacteria"	"Rhizobiales"	"Bradyrhizobiaceae"	"Pseudomonas"	"carboxydohydrogena"
"952203"	26.753525	5.172381	"Bacteria"	"Proteobacteria"	"Betaproteobacteria"	"Burkholderiales"	"Oxalobacteraceae"	NA	NA
"512148"	27.09333	5.2051253	"Bacteria"	"Actinobacteria"	"Thermoleophilia"	"Solirubrobacterales"	NA	NA	NA
"4476891"	27.096672	5.2054462	"Bacteria"	"Proteobacteria"	"Alphaproteobacteria"	"Sphingomonadales"	"Erythrobacteraceae"	NA	NA
"562177"	27.266123	5.2216973	"Bacteria"	"Bacteroidetes"	"Cytophagia"	"Cytophagales"	"Cytophagaceae"	NA	NA
"1015227"	27.883312	5.280465	"Bacteria"	"Actinobacteria"	"Actinobacteria"	"Actinomycetales"	"Nocardioidaceae"	NA	NA
"220353"	28.062984	5.2974505	"Bacteria"	"Chloroflexi"	"Chloroflexi"	"[Roseiflexales]"	"[Kouleothrixaceae]"	NA	NA
"358068"	28.07937	5.298997	"Bacteria"	"Proteobacteria"	"Betaproteobacteria"	"Burkholderiales"	"Comamonadaceae"	"Methylibium"	NA
"1104733"	28.312067	5.3209085	"Bacteria"	"Proteobacteria"	"Betaproteobacteria"	"Burkholderiales"	"Comamonadaceae"	NA	NA
"562311"	28.982233	5.383515	"Bacteria"	"Proteobacteria"	"Alphaproteobacteria"	"Rhizobiales"	"Hyphomicrobiaceae"	"Rhodoplanes"	NA
"912372"	29.334637	5.416146	"Bacteria"	"Gemmatimonadetes"	"Gemmatimonadetes"	"Ellin5290"	NA	NA	NA
"922761"	29.764479	5.455683	"Bacteria"	"Proteobacteria"	"Gammaproteobacteria"	"Enterobacteriales"	"Enterobacteriaceae"	"Erwinia"	NA
"1080447"	30.105997	5.486893	"Bacteria"	"Acidobacteria"	"Acidobacteria-6"	"iii1-15"	NA	NA	NA
"780555"	31.357054	5.599737	"Bacteria"	"Proteobacteria"	"Gammaproteobacteria"	"Pseudomonadales"	"Pseudomonadaceae"	"Pseudomonas"	NA
"819893"	31.554338	5.617325	"Bacteria"	"Proteobacteria"	"Betaproteobacteria"	"SC-I-84"	NA	NA	NA
"48487"	32.010483	5.6577806	"Bacteria"	"Proteobacteria"	"Deltaproteobacteria"	"Myxococcales"	NA	NA	NA
"510204"	32.040443	5.660428	"Bacteria"	"Actinobacteria"	"Actinobacteria"	"Actinomycetales"	"Streptomycetaceae"	"Streptomyces"	"exfoliatus"
"4439482"	32.19002	5.673625	"Bacteria"	"Proteobacteria"	"Gammaproteobacteria"	"Thiotrichales"	"Piscirickettsiaceae"	NA	NA
"831289"	32.41828	5.6937056	"Bacteria"	"Proteobacteria"	"Alphaproteobacteria"	"Caulobacterales"	NA	NA	NA
"635391"	32.64849	5.713886	"Bacteria"	"Bacteroidetes"	"Sphingobacteriia"	"Sphingobacteriales"	"Sphingobacteriaceae"	NA	NA
"688259"	33.233677	5.764866	"Bacteria"	"Actinobacteria"	"Actinobacteria"	"Actinomycetales"	"Micromonosporaceae"	"Couchioplanes"	NA
"13332"	33.51533	5.7892427	"Bacteria"	"Actinobacteria"	"Actinobacteria"	"Actinomycetales"	"Williamsiaceae"	"Williamsia"	NA
"976441"	33.70555	5.8056483	"Bacteria"	"Bacteroidetes"	"Sphingobacteriia"	"Sphingobacteriales"	"Sphingobacteriaceae"	"Pedobacter"	NA
"1042671"	33.90574	5.8228636	"Bacteria"	"Bacteroidetes"	"[Saprospirae]"	"[Saprospirales]"	"Chitinophagaceae"	NA	NA
"963779"	34.4353	5.86816	"Bacteria"	"Proteobacteria"	"Alphaproteobacteria"	"Rhizobiales"	"Rhizobiaceae"	NA	NA
"248395"	35.340275	5.944769	"Bacteria"	"Proteobacteria"	"Alphaproteobacteria"	"Caulobacterales"	"Caulobacteraceae"	"Caulobacter"	NA
"248505"	35.359745	5.946406	"Bacteria"	"Proteobacteria"	"Alphaproteobacteria"	"Rhizobiales"	"Hyphomicrobiaceae"	"Rhodoplanes"	NA
"864304"	35.39014	5.9489613	"Bacteria"	"Actinobacteria"	"Thermoleophilia"	"Solirubrobacterales"	NA	NA	NA
"1108960"	35.515965	5.959527	"Bacteria"	"Proteobacteria"	"Alphaproteobacteria"	"Sphingomonadales"	"Sphingomonadaceae"	"Sphingomonas"	NA
"592301"	35.785686	5.982114	"Bacteria"	"Proteobacteria"	"Betaproteobacteria"	"Burkholderiales"	"Comamonadaceae"	NA	NA
"676066"	35.857975	5.988153	"Bacteria"	"Proteobacteria"	"Alphaproteobacteria"	"Rhizobiales"	"Bradyrhizobiaceae"	"Bradyrhizobium"	NA
"829373"	36.009327	6.0007772	"Bacteria"	"Actinobacteria"	"Actinobacteria"	"Actinomycetales"	"Pseudonocardiaceae"	"Pseudonocardia"	NA
"215823"	36.130375	6.0108547	"Bacteria"	"Bacteroidetes"	"[Saprospirae]"	"[Saprospirales]"	"Chitinophagaceae"	NA	NA
"250522"	36.267056	6.0222135	"Bacteria"	"Proteobacteria"	"Alphaproteobacteria"	NA	NA	NA	NA
"850135"	36.763767	6.063313	"Bacteria"	"Proteobacteria"	"Betaproteobacteria"	"Burkholderiales"	"Comamonadaceae"	NA	NA
"153239"	37.02563	6.084869	"Bacteria"	"Verrucomicrobia"	"[Pedosphaerae]"	"[Pedosphaerales]"	NA	NA	NA
"128177"	37.29266	6.1067715	"Bacteria"	"Chloroflexi"	"Ellin6529"	NA	NA	NA	NA
"1084045"	37.724712	6.1420445	"Bacteria"	"Firmicutes"	"Bacilli"	"Bacillales"	"Planococcaceae"	"Lysinibacillus"	NA
"297615"	38.426086	6.198878	"Bacteria"	"Actinobacteria"	"Acidimicrobiia"	"Acidimicrobiales"	"EB1017"	NA	NA
"4434837"	39.184563	6.2597575	"Bacteria"	"Verrucomicrobia"	"Verrucomicrobiae"	"Verrucomicrobiales"	"Verrucomicrobiaceae"	"Luteolibacter"	NA
"219743"	39.504585	6.2852674	"Bacteria"	"Actinobacteria"	"Actinobacteria"	"Actinomycetales"	"Micromonosporaceae"	NA	NA
"930055"	40.47171	6.361738	"Bacteria"	"Proteobacteria"	"Gammaproteobacteria"	"Xanthomonadales"	"Sinobacteraceae"	NA	NA
"582391"	42.82027	6.54372	"Bacteria"	"Acidobacteria"	"Acidobacteria-6"	"iii1-15"	NA	NA	NA
"107036"	42.84401	6.5455337	"Bacteria"	"Proteobacteria"	"Alphaproteobacteria"	"Rhizobiales"	"Bradyrhizobiaceae"	"Nitrobacter"	NA
"1037355"	43.105465	6.565475	"Bacteria"	"Actinobacteria"	"Actinobacteria"	"Actinomycetales"	"Streptomycetaceae"	"Streptomyces"	NA
"1106471"	45.20265	6.7232914	"Bacteria"	"Actinobacteria"	"Actinobacteria"	"Actinomycetales"	"Nocardioidaceae"	NA	NA
"536008"	45.56018	6.7498283	"Bacteria"	"Proteobacteria"	"Gammaproteobacteria"	"Xanthomonadales"	"Xanthomonadaceae"	NA	NA
"551109"	46.140865	6.792707	"Bacteria"	"Proteobacteria"	"Alphaproteobacteria"	"Caulobacterales"	"Caulobacteraceae"	NA	NA
"1074016"	48.855007	6.9896355	"Bacteria"	"Proteobacteria"	"Betaproteobacteria"	"Burkholderiales"	"Oxalobacteraceae"	NA	NA
"1052559"	49.160843	7.0114794	"Bacteria"	"Proteobacteria"	"Alphaproteobacteria"	"Sphingomonadales"	"Sphingomonadaceae"	NA	NA
"356083"	49.365307	7.026045	"Bacteria"	"Acidobacteria"	"Solibacteres"	"Solibacterales"	NA	NA	NA
"354765"	49.562004	7.0400286	"Bacteria"	"Actinobacteria"	"Actinobacteria"	"Actinomycetales"	"Micromonosporaceae"	"Verrucosispora"	"gifhornensis"
"511074"	49.777252	7.0552998	"Bacteria"	"Acidobacteria"	"Solibacteres"	"Solibacterales"	NA	NA	NA
"343242"	51.417183	7.1705775	"Bacteria"	"Actinobacteria"	"Actinobacteria"	"Actinomycetales"	"Nocardiaceae"	"Rhodococcus"	NA
"512542"	52.087704	7.217181	"Bacteria"	"Proteobacteria"	"Betaproteobacteria"	NA	NA	NA	NA
"246952"	52.20195	7.225092	"Bacteria"	"Bacteroidetes"	"[Saprospirae]"	"[Saprospirales]"	"Chitinophagaceae"	NA	NA
"1020921"	52.913372	7.274158	"Bacteria"	"Bacteroidetes"	"Flavobacteriia"	"Flavobacteriales"	"Flavobacteriaceae"	"Flavobacterium"	"succinicans"
"896338"	53.811817	7.335654	"Bacteria"	"Proteobacteria"	"Deltaproteobacteria"	"Myxococcales"	NA	NA	NA
"3723650"	54.29721	7.3686643	"Bacteria"	"Proteobacteria"	"Alphaproteobacteria"	"Sphingomonadales"	"Sphingomonadaceae"	NA	NA
"790384"	57.238884	7.5656385	"Bacteria"	"Actinobacteria"	"Actinobacteria"	"Actinomycetales"	"Microbacteriaceae"	NA	NA
"217917"	58.833015	7.670268	"Bacteria"	"Chloroflexi"	"Chloroflexi"	"[Roseiflexales]"	"[Kouleothrixaceae]"	NA	NA
"833645"	61.69797	7.8548055	"Bacteria"	"Firmicutes"	"Bacilli"	"Bacillales"	NA	NA	NA
"1078248"	64.45842	8.0286	"Bacteria"	"Firmicutes"	"Bacilli"	"Bacillales"	"Bacillaceae"	"Bacillus"	NA
"1069213"	65.06594	8.066346	"Bacteria"	"Bacteroidetes"	"[Saprospirae]"	"[Saprospirales]"	"Chitinophagaceae"	NA	NA
"546690"	65.98791	8.123294	"Bacteria"	"Actinobacteria"	"Actinobacteria"	"Actinomycetales"	"Microbacteriaceae"	NA	NA
"591499"	67.12541	8.19301	"Bacteria"	"Proteobacteria"	"Betaproteobacteria"	"Burkholderiales"	"Oxalobacteraceae"	"Oxalobacter"	NA
"587313"	70.287056	8.383738	"Bacteria"	"Acidobacteria"	"Acidobacteria-6"	"iii1-15"	NA	NA	NA
"1029922"	70.746216	8.411077	"Bacteria"	"Proteobacteria"	"Alphaproteobacteria"	"Ellin329"	NA	NA	NA
"219094"	70.81802	8.415344	"Bacteria"	"Verrucomicrobia"	"[Pedosphaerae]"	"[Pedosphaerales]"	NA	NA	NA
"1056070"	71.42632	8.451409	"Bacteria"	"Proteobacteria"	"Alphaproteobacteria"	"Rhizobiales"	"Hyphomicrobiaceae"	"Hyphomicrobium"	"zavarzinii"
"4321627"	73.7629	8.588533	"Bacteria"	"Proteobacteria"	"Deltaproteobacteria"	"Myxococcales"	NA	NA	NA
"895220"	74.2695	8.617975	"Bacteria"	"Proteobacteria"	"Betaproteobacteria"	"Burkholderiales"	"Comamonadaceae"	"Ramlibacter"	NA
"110321"	76.04196	8.720204	"Bacteria"	"Firmicutes"	"Bacilli"	"Bacillales"	"Alicyclobacillaceae"	"Alicyclobacillus"	NA
"254346"	77.258606	8.789687	"Bacteria"	"Actinobacteria"	"Rubrobacteria"	"Rubrobacterales"	"Rubrobacteraceae"	NA	NA
"558264"	77.35176	8.794985	"Bacteria"	"Proteobacteria"	"Betaproteobacteria"	"Burkholderiales"	"Alcaligenaceae"	"Achromobacter"	NA
"257270"	80.06135	8.9477005	"Bacteria"	"Proteobacteria"	"Alphaproteobacteria"	NA	NA	NA	NA
"566578"	86.63181	9.307621	"Bacteria"	"Proteobacteria"	"Betaproteobacteria"	"Burkholderiales"	"Oxalobacteraceae"	NA	NA
"17991"	91.1292	9.546162	"Bacteria"	"Actinobacteria"	"Actinobacteria"	"Actinomycetales"	"Micromonosporaceae"	"Actinoplanes"	NA
"792868"	92.98858	9.643059	"Bacteria"	"Proteobacteria"	"Betaproteobacteria"	"Burkholderiales"	"Oxalobacteraceae"	NA	NA
"567840"	94.65958	9.729316	"Bacteria"	"Proteobacteria"	"Alphaproteobacteria"	"Rhizobiales"	"Bradyrhizobiaceae"	"Bosea"	"genosp."
"1081815"	96.559685	9.826479	"Bacteria"	"Actinobacteria"	"Actinobacteria"	"Actinomycetales"	"Micrococcaceae"	NA	NA
"952082"	97.99321	9.899152	"Bacteria"	"Bacteroidetes"	"Sphingobacteriia"	"Sphingobacteriales"	"Sphingobacteriaceae"	"Pedobacter"	NA
"820086"	98.623955	9.93096	"Bacteria"	"Proteobacteria"	"Alphaproteobacteria"	"Sphingomonadales"	"Sphingomonadaceae"	NA	NA
"589597"	99.89301	9.994649	"Bacteria"	"Proteobacteria"	"Gammaproteobacteria"	"Pseudomonadales"	"Pseudomonadaceae"	"Pseudomonas"	"viridiflava"
"888396"	100.08869	10.004434	"Bacteria"	"Proteobacteria"	"Betaproteobacteria"	"Burkholderiales"	"Comamonadaceae"	"Hydrogenophaga"	NA
"876170"	101.41934	10.070717	"Bacteria"	"Actinobacteria"	"Actinobacteria"	"Actinomycetales"	"Microbacteriaceae"	"Salinibacterium"	NA
"832619"	103.05507	10.151605	"Bacteria"	"Proteobacteria"	"Betaproteobacteria"	"SC-I-84"	NA	NA	NA
"759916"	106.15792	10.303297	"Bacteria"	"Proteobacteria"	"Betaproteobacteria"	"Burkholderiales"	"Oxalobacteraceae"	NA	NA
"4320381"	113.86755	10.670874	"Bacteria"	"Proteobacteria"	"Gammaproteobacteria"	"Xanthomonadales"	"Sinobacteraceae"	NA	NA
"851113"	115.749016	10.758672	"Bacteria"	"Bacteroidetes"	"Sphingobacteriia"	"Sphingobacteriales"	"Sphingobacteriaceae"	NA	NA
"1088120"	123.68479	11.1213665	"Bacteria"	"Bacteroidetes"	"Sphingobacteriia"	"Sphingobacteriales"	"Sphingobacteriaceae"	"Pedobacter"	NA
"338140"	125.873535	11.219337	"Bacteria"	"Proteobacteria"	"Gammaproteobacteria"	"Pseudomonadales"	"Pseudomonadaceae"	NA	NA
"1020262"	127.045296	11.271437	"Bacteria"	"Bacteroidetes"	"[Saprospirae]"	"[Saprospirales]"	"Chitinophagaceae"	NA	NA
"1051459"	128.83499	11.350551	"Bacteria"	"Proteobacteria"	"Betaproteobacteria"	"Burkholderiales"	"Comamonadaceae"	NA	NA
"974121"	130.39348	11.418997	"Bacteria"	"Proteobacteria"	"Gammaproteobacteria"	"Pseudomonadales"	"Pseudomonadaceae"	"Pseudomonas"	NA
"20428"	131.37717	11.4619875	"Bacteria"	"Bacteroidetes"	"Cytophagia"	"Cytophagales"	"Cytophagaceae"	NA	NA
"222183"	133.5516	11.556453	"Bacteria"	"Proteobacteria"	"Alphaproteobacteria"	"Sphingomonadales"	"Sphingomonadaceae"	NA	NA
"835594"	133.8302	11.5685005	"Bacteria"	"Proteobacteria"	"Alphaproteobacteria"	"Rhizobiales"	"Bradyrhizobiaceae"	"Balneimonas"	NA
"4297391"	143.07558	11.96142	"Bacteria"	"Actinobacteria"	"Actinobacteria"	"Actinomycetales"	"Intrasporangiaceae"	"Phycicoccus"	NA
"760955"	143.28716	11.970262	"Bacteria"	"Acidobacteria"	"Acidobacteria-6"	"CCU21"	NA	NA	NA
"519739"	148.14684	12.171558	"Bacteria"	"Planctomycetes"	"Planctomycetia"	"Pirellulales"	"Pirellulaceae"	"A17"	NA
"1102554"	151.72403	12.317631	"Bacteria"	"Bacteroidetes"	"[Saprospirae]"	"[Saprospirales]"	"Chitinophagaceae"	NA	NA
"205244"	151.86664	12.323419	"Bacteria"	"Acidobacteria"	"Acidobacteria-6"	"iii1-15"	NA	NA	NA
"586230"	153.4955	12.38933	"Bacteria"	"Proteobacteria"	"Betaproteobacteria"	"Burkholderiales"	"Oxalobacteraceae"	NA	NA
"1074625"	158.2418	12.57942	"Bacteria"	"Actinobacteria"	"Actinobacteria"	"Actinomycetales"	"Microbacteriaceae"	NA	NA
"551344"	173.19907	13.160512	"Bacteria"	"Actinobacteria"	"Thermoleophilia"	"Gaiellales"	"Gaiellaceae"	NA	NA
"2324042"	174.63115	13.2148075	"Bacteria"	"Proteobacteria"	"Alphaproteobacteria"	"Sphingomonadales"	"Sphingomonadaceae"	NA	NA
"788268"	179.17859	13.38576	"Bacteria"	"Actinobacteria"	"Actinobacteria"	"Actinomycetales"	"Cellulomonadaceae"	"Cellulomonas"	NA
"732609"	181.58751	13.475441	"Bacteria"	"Actinobacteria"	"Actinobacteria"	"Actinomycetales"	"Promicromonosporaceae"	"Luteimicrobium"	"subarcticum"
"1060474"	182.07321	13.493451	"Bacteria"	"Actinobacteria"	"Actinobacteria"	"Actinomycetales"	NA	NA	NA
"553534"	184.38657	13.578901	"Bacteria"	"Bacteroidetes"	"[Saprospirae]"	"[Saprospirales]"	"Chitinophagaceae"	NA	NA
"3319380"	187.34637	13.687453	"Bacteria"	"Actinobacteria"	"Actinobacteria"	"Actinomycetales"	"Nocardioidaceae"	NA	NA
"255750"	190.91432	13.817175	"Bacteria"	"Actinobacteria"	"Rubrobacteria"	"Rubrobacterales"	"Rubrobacteraceae"	NA	NA
"1106324"	197.285	14.045818	"Bacteria"	"Proteobacteria"	"Betaproteobacteria"	"Burkholderiales"	"Comamonadaceae"	NA	NA
"792574"	201.69247	14.201848	"Bacteria"	"Verrucomicrobia"	"[Pedosphaerae]"	"[Pedosphaerales]"	NA	NA	NA
"588703"	202.39948	14.226717	"Bacteria"	"Proteobacteria"	"Deltaproteobacteria"	"Desulfuromonadales"	"Geobacteraceae"	"Geobacter"	NA
"112754"	210.35641	14.503669	"Bacteria"	"Proteobacteria"	"Alphaproteobacteria"	"Sphingomonadales"	"Erythrobacteraceae"	NA	NA
"816631"	217.32068	14.7418	"Bacteria"	"Acidobacteria"	"Acidobacteria-6"	"iii1-15"	NA	NA	NA
"137916"	219.0728	14.801108	"Bacteria"	"Proteobacteria"	"Alphaproteobacteria"	"Rhizobiales"	"Beijerinckiaceae"	NA	NA
"532125"	230.30838	15.175915	"Bacteria"	"Chloroflexi"	"Anaerolineae"	"Caldilineales"	"Caldilineaceae"	NA	NA
"238426"	234.79546	15.323037	"Bacteria"	"Proteobacteria"	"Betaproteobacteria"	"SC-I-84"	NA	NA	NA
"813938"	237.42296	15.408535	"Bacteria"	"Proteobacteria"	"Alphaproteobacteria"	"Sphingomonadales"	"Sphingomonadaceae"	"Kaistobacter"	NA
"1071316"	245.32695	15.662916	"Bacteria"	"Bacteroidetes"	"[Saprospirae]"	"[Saprospirales]"	"Chitinophagaceae"	"Flavisolibacter"	NA
"584598"	247.0635	15.718254	"Bacteria"	"Proteobacteria"	"Alphaproteobacteria"	"Rhizobiales"	"Hyphomicrobiaceae"	"Rhodoplanes"	NA
"864507"	248.06435	15.750058	"Bacteria"	"Bacteroidetes"	"[Saprospirae]"	"[Saprospirales]"	"Chitinophagaceae"	NA	NA
"758613"	251.87764	15.870653	"Bacteria"	"Bacteroidetes"	"[Saprospirae]"	"[Saprospirales]"	"Chitinophagaceae"	NA	NA
"562008"	264.1055	16.251324	"Bacteria"	"Proteobacteria"	"Gammaproteobacteria"	"Xanthomonadales"	"Sinobacteraceae"	"Steroidobacter"	NA
"93175"	264.61127	16.266876	"Bacteria"	"Actinobacteria"	"Acidimicrobiia"	"Acidimicrobiales"	"Iamiaceae"	"Iamia"	NA
"535892"	269.7215	16.4232	"Bacteria"	"Proteobacteria"	"Betaproteobacteria"	"Burkholderiales"	"Oxalobacteraceae"	NA	NA
"281360"	270.64334	16.45124	"Bacteria"	"Proteobacteria"	"Alphaproteobacteria"	"Rhodospirillales"	"Rhodospirillaceae"	NA	NA
"1009440"	273.5578	16.539583	"Bacteria"	"Proteobacteria"	"Alphaproteobacteria"	"Caulobacterales"	"Caulobacteraceae"	NA	NA
"557974"	276.3335	16.623281	"Bacteria"	"Proteobacteria"	"Gammaproteobacteria"	"Pseudomonadales"	"Pseudomonadaceae"	"Pseudomonas"	NA
"564093"	277.0449	16.644665	"Bacteria"	"Actinobacteria"	"Actinobacteria"	"Actinomycetales"	"Micromonosporaceae"	"Virgisporangium"	"ochraceum"
"350446"	305.29788	17.472775	"Bacteria"	"Acidobacteria"	"Solibacteres"	"Solibacterales"	"Solibacteraceae"	"Candidatus Solibacter"	NA
"637184"	305.93643	17.49104	"Bacteria"	"Acidobacteria"	"Acidobacteria-6"	"iii1-15"	NA	NA	NA
"814232"	309.18857	17.58376	"Bacteria"	"Acidobacteria"	"Acidobacteria-6"	"iii1-15"	NA	NA	NA
"915948"	317.7542	17.82566	"Bacteria"	"Actinobacteria"	"Actinobacteria"	"Actinomycetales"	"Nocardiaceae"	"Rhodococcus"	NA
"769292"	322.22733	17.950691	"Bacteria"	"Proteobacteria"	"Betaproteobacteria"	"Ellin6067"	NA	NA	NA
"837069"	327.02393	18.083803	"Bacteria"	"Actinobacteria"	"Actinobacteria"	"Actinomycetales"	"Streptomycetaceae"	"Streptomyces"	NA
"736463"	331.2374	18.199928	"Bacteria"	"Acidobacteria"	"Solibacteres"	"Solibacterales"	"Solibacteraceae"	"Candidatus Solibacter"	NA
"587598"	347.27036	18.635191	"Bacteria"	"Verrucomicrobia"	"[Spartobacteria]"	"[Chthoniobacterales]"	"[Chthoniobacteraceae]"	"DA101"	NA
"815305"	352.3705	18.771534	"Bacteria"	"Actinobacteria"	"Actinobacteria"	"Actinomycetales"	"Pseudonocardiaceae"	"Pseudonocardia"	NA
"1107011"	357.78067	18.91509	"Bacteria"	"Verrucomicrobia"	"[Spartobacteria]"	"[Chthoniobacterales]"	"[Chthoniobacteraceae]"	"DA101"	NA
"940828"	371.3552	19.270578	"Bacteria"	"Actinobacteria"	"Actinobacteria"	"Actinomycetales"	"Micromonosporaceae"	NA	NA
"1125708"	378.85703	19.46425	"Bacteria"	"Acidobacteria"	"[Chloracidobacteria]"	"RB41"	"Ellin6075"	NA	NA
"1106617"	398.34714	19.958635	"Bacteria"	"Proteobacteria"	"Betaproteobacteria"	"Burkholderiales"	"Comamonadaceae"	NA	NA
"4300564"	412.06638	20.299417	"Bacteria"	"Proteobacteria"	"Alphaproteobacteria"	"Caulobacterales"	"Caulobacteraceae"	"Asticcacaulis"	"biprosthecium"
"775149"	413.89105	20.344313	"Bacteria"	"Proteobacteria"	"Gammaproteobacteria"	"Xanthomonadales"	"Sinobacteraceae"	NA	NA
"1072787"	415.7113	20.389	"Bacteria"	"Proteobacteria"	"Gammaproteobacteria"	"Xanthomonadales"	"Xanthomonadaceae"	"Thermomonas"	NA
"1118109"	422.7836	20.561703	"Bacteria"	"Proteobacteria"	"Betaproteobacteria"	"MND1"	NA	NA	NA
"808319"	458.3359	21.408781	"Bacteria"	"Proteobacteria"	"Deltaproteobacteria"	"Myxococcales"	NA	NA	NA
"1049393"	464.90485	21.561653	"Bacteria"	"Verrucomicrobia"	"[Spartobacteria]"	"[Chthoniobacterales]"	"[Chthoniobacteraceae]"	"Chthoniobacter"	NA
"539978"	473.4174	21.758158	"Bacteria"	"Actinobacteria"	"Thermoleophilia"	"Gaiellales"	"Gaiellaceae"	NA	NA
"538315"	479.7952	21.904228	"Bacteria"	"Actinobacteria"	"Actinobacteria"	"Actinomycetales"	"Pseudonocardiaceae"	"Pseudonocardia"	NA
"878714"	480.24875	21.91458	"Bacteria"	"Bacteroidetes"	"[Saprospirae]"	"[Saprospirales]"	"Chitinophagaceae"	NA	NA
"408093"	516.2769	22.721727	"Bacteria"	"Actinobacteria"	"Actinobacteria"	"Actinomycetales"	"Micromonosporaceae"	"Dactylosporangium"	NA
"968121"	526.1144	22.937183	"Bacteria"	"Actinobacteria"	"Actinobacteria"	"Actinomycetales"	"Nocardioidaceae"	NA	NA
"800292"	538.9671	23.215666	"Bacteria"	"Proteobacteria"	"Alphaproteobacteria"	"Rhizobiales"	NA	NA	NA
"1028953"	546.7359	23.382385	"Bacteria"	"Verrucomicrobia"	"Verrucomicrobiae"	"Verrucomicrobiales"	"Verrucomicrobiaceae"	"Luteolibacter"	NA
"553562"	562.91064	23.725739	"Bacteria"	"Verrucomicrobia"	"[Spartobacteria]"	"[Chthoniobacterales]"	"[Chthoniobacteraceae]"	NA	NA
"854050"	581.21735	24.10845	"Bacteria"	"Firmicutes"	"Bacilli"	"Bacillales"	"Bacillaceae"	"Bacillus"	"muralis"
"1082846"	581.6616	24.117662	"Bacteria"	"Actinobacteria"	"Actinobacteria"	"Actinomycetales"	"Streptomycetaceae"	"Streptomyces"	NA
"18499"	584.65875	24.179718	"Bacteria"	"Proteobacteria"	"Alphaproteobacteria"	"Sphingomonadales"	"Sphingomonadaceae"	"Sphingobium"	NA
"813885"	586.2281	24.212147	"Bacteria"	"Proteobacteria"	"Betaproteobacteria"	"MND1"	NA	NA	NA
"1107243"	594.1393	24.374973	"Bacteria"	"Proteobacteria"	"Alphaproteobacteria"	"Rhizobiales"	"Rhizobiaceae"	"Rhizobium"	"leguminosarum"
"225453"	601.6228	24.528	"Bacteria"	"Proteobacteria"	"Gammaproteobacteria"	"Alteromonadales"	"Alteromonadaceae"	"Cellvibrio"	NA
"806201"	606.96875	24.636736	"Bacteria"	"Proteobacteria"	"Alphaproteobacteria"	"Rhizobiales"	"Phyllobacteriaceae"	"Mesorhizobium"	NA
"564241"	609.60114	24.690102	"Bacteria"	"Acidobacteria"	"Acidobacteria-6"	"iii1-15"	"RB40"	NA	NA
"236583"	611.96747	24.737976	"Bacteria"	"Actinobacteria"	"Thermoleophilia"	"Solirubrobacterales"	NA	NA	NA
"216925"	615.7108	24.81352	"Bacteria"	"Acidobacteria"	"[Chloracidobacteria]"	"RB41"	NA	NA	NA
"1033380"	629.2278	25.084414	"Bacteria"	"Actinobacteria"	"Actinobacteria"	"Actinomycetales"	"Nocardioidaceae"	NA	NA
"250148"	634.1878	25.183086	"Bacteria"	"Actinobacteria"	"Actinobacteria"	"Actinomycetales"	"Kineosporiaceae"	NA	NA
"11428"	683.2197	26.138472	"Bacteria"	"Actinobacteria"	"Actinobacteria"	"Actinomycetales"	"Geodermatophilaceae"	"Geodermatophilus"	"obscurus"
"606989"	689.6397	26.260992	"Bacteria"	"Proteobacteria"	"Gammaproteobacteria"	"Xanthomonadales"	"Xanthomonadaceae"	"Lysobacter"	"yangpyeongensis"
"555384"	691.1421	26.289581	"Bacteria"	"Actinobacteria"	"Actinobacteria"	"Actinomycetales"	"Streptosporangiaceae"	"Nonomuraea"	NA
"415661"	691.6288	26.298836	"Bacteria"	"Proteobacteria"	"Betaproteobacteria"	"Burkholderiales"	"Oxalobacteraceae"	"Ralstonia"	NA
"242284"	692.2697	26.311018	"Bacteria"	"Bacteroidetes"	"[Saprospirae]"	"[Saprospirales]"	"Chitinophagaceae"	NA	NA
"833317"	692.4131	26.313744	"Bacteria"	"Firmicutes"	"Bacilli"	"Bacillales"	"Bacillaceae"	"Bacillus"	NA
"137818"	695.7494	26.377062	"Bacteria"	"Actinobacteria"	"Thermoleophilia"	"Gaiellales"	"Gaiellaceae"	NA	NA
"942852"	697.6363	26.412806	"Bacteria"	"Proteobacteria"	"Betaproteobacteria"	"Burkholderiales"	"Comamonadaceae"	"Aquabacterium"	NA
"769643"	697.9184	26.418146	"Bacteria"	"Proteobacteria"	"Gammaproteobacteria"	"Pseudomonadales"	"Pseudomonadaceae"	NA	NA
"810679"	698.9823	26.438272	"Bacteria"	"Proteobacteria"	"Betaproteobacteria"	NA	NA	NA	NA
"584331"	699.20123	26.442413	"Bacteria"	"Actinobacteria"	"Actinobacteria"	"Actinomycetales"	"Streptomycetaceae"	"Streptomyces"	NA
"238109"	699.38135	26.44582	"Bacteria"	"Proteobacteria"	"Betaproteobacteria"	"Burkholderiales"	"Comamonadaceae"	"Polaromonas"	NA
"883748"	699.78705	26.45349	"Bacteria"	"Firmicutes"	"Bacilli"	"Bacillales"	"Bacillaceae"	"Bacillus"	NA
"510316"	703.3813	26.521336	"Bacteria"	"Proteobacteria"	"Alphaproteobacteria"	"Rhizobiales"	"Hyphomicrobiaceae"	"Rhodoplanes"	NA
"216643"	704.4713	26.541878	"Bacteria"	"Proteobacteria"	"Betaproteobacteria"	"SC-I-84"	NA	NA	NA
"585221"	704.916	26.550255	"Bacteria"	"Proteobacteria"	"Betaproteobacteria"	"Burkholderiales"	"Oxalobacteraceae"	NA	NA
