"otuids"	"Kingdom"	"Phylum"	"Class"	"Order"	"Family"	"Genus"	"Species"
"519510"	"k__Bacteria"	"p__Proteobacteria"	"c__Alphaproteobacteria"	"o__Sphingomonadales"	"f__"	"g__"	NA
"810959"	"k__Bacteria"	"p__Actinobacteria"	"c__Actinobacteria"	"o__Actinomycetales"	"f__Intrasporangiaceae"	"g__Knoellia"	NA
"4337833"	"k__Bacteria"	"p__Planctomycetes"	"c__Planctomycetia"	"o__Pirellulales"	"f__Pirellulaceae"	"g__A17"	NA
"146122"	"k__Bacteria"	"p__Actinobacteria"	"c__Actinobacteria"	"o__Actinomycetales"	"f__"	"g__"	NA
"107036"	"k__Bacteria"	"p__Proteobacteria"	"c__Alphaproteobacteria"	"o__Rhizobiales"	"f__Bradyrhizobiaceae"	"g__Nitrobacter"	NA
"570086"	"k__Bacteria"	"p__Bacteroidetes"	"c__Flavobacteriia"	"o__Flavobacteriales"	"f__Cryomorphaceae"	"g__Fluviicola"	NA
"1000876"	"k__Bacteria"	"p__Actinobacteria"	"c__Actinobacteria"	"o__Actinomycetales"	"f__Nocardioidaceae"	"g__Nocardioides"	NA
"743788"	"k__Bacteria"	"p__Actinobacteria"	"c__Actinobacteria"	"o__Actinomycetales"	"f__Actinosynnemataceae"	"g__Saccharothrix"	NA
"578951"	"k__Bacteria"	"p__Gemmatimonadetes"	"c__Gemmatimonadetes"	"o__Gemmatimonadales"	"f__Gemmatimonadaceae"	"g__Gemmatimonas"	NA
"221791"	"k__Bacteria"	"p__Acidobacteria"	"c__iii1-8"	"o__32-20"	"f__"	"g__"	NA
"217700"	"k__Bacteria"	"p__Armatimonadetes"	"c__[Fimbriimonadia]"	"o__[Fimbriimonadales]"	"f__[Fimbriimonadaceae]"	"g__Fimbriimonas"	NA
"852722"	"k__Bacteria"	"p__Proteobacteria"	"c__Deltaproteobacteria"	"o__Spirobacillales"	"f__"	"g__"	NA
"849156"	"k__Bacteria"	"p__Proteobacteria"	"c__Betaproteobacteria"	"o__Burkholderiales"	"f__Oxalobacteraceae"	"g__"	NA
"963779"	"k__Bacteria"	"p__Proteobacteria"	"c__Alphaproteobacteria"	"o__Rhizobiales"	"f__Rhizobiaceae"	"g__"	NA
"4297391"	"k__Bacteria"	"p__Actinobacteria"	"c__Actinobacteria"	"o__Actinomycetales"	"f__Intrasporangiaceae"	"g__Phycicoccus"	NA
"1105280"	"k__Bacteria"	"p__Proteobacteria"	"c__Betaproteobacteria"	"o__Burkholderiales"	"f__Burkholderiaceae"	"g__"	NA
"586388"	"k__Bacteria"	"p__Proteobacteria"	"c__Alphaproteobacteria"	"o__Rhizobiales"	"f__Phyllobacteriaceae"	"g__"	NA
"4477117"	"k__Bacteria"	"p__Planctomycetes"	"c__Planctomycetia"	"o__B97"	"f__"	"g__"	NA
"221349"	"k__Bacteria"	"p__Gemmatimonadetes"	"c__Gemmatimonadetes"	"o__N1423WL"	"f__"	"g__"	NA
"4434837"	"k__Bacteria"	"p__Verrucomicrobia"	"c__Verrucomicrobiae"	"o__Verrucomicrobiales"	"f__Verrucomicrobiaceae"	"g__Luteolibacter"	NA
"573135"	"k__Bacteria"	"p__Proteobacteria"	"c__Alphaproteobacteria"	"o__Rhizobiales"	"f__Bradyrhizobiaceae"	"g__Bradyrhizobium"	NA
"810882"	"k__Bacteria"	"p__Acidobacteria"	"c__Acidobacteria-6"	"o__iii1-15"	"f__mb2424"	"g__"	NA
"906820"	"k__Bacteria"	"p__Proteobacteria"	"c__Alphaproteobacteria"	"o__Rhodospirillales"	"f__Rhodospirillaceae"	"g__Skermanella"	NA
"1068902"	"k__Bacteria"	"p__Actinobacteria"	"c__Actinobacteria"	"o__Actinomycetales"	"f__Nocardioidaceae"	"g__Aeromicrobium"	NA
"854930"	"k__Bacteria"	"p__Bacteroidetes"	"c__[Saprospirae]"	"o__[Saprospirales]"	"f__Chitinophagaceae"	"g__"	NA
"944435"	"k__Bacteria"	"p__Proteobacteria"	"c__Deltaproteobacteria"	"o__Myxococcales"	"f__Haliangiaceae"	"g__"	NA
"17991"	"k__Bacteria"	"p__Actinobacteria"	"c__Actinobacteria"	"o__Actinomycetales"	"f__Micromonosporaceae"	"g__Actinoplanes"	NA
"250148"	"k__Bacteria"	"p__Actinobacteria"	"c__Actinobacteria"	"o__Actinomycetales"	"f__Kineosporiaceae"	"g__"	NA
"3609950"	"k__Bacteria"	"p__Acidobacteria"	"c__Acidobacteria-5"	"o__"	"f__"	"g__"	NA
"4339351"	"k__Bacteria"	"p__Bacteroidetes"	"c__Sphingobacteriia"	"o__Sphingobacteriales"	"f__Sphingobacteriaceae"	"g__Pedobacter"	NA
"535678"	"k__Bacteria"	"p__Actinobacteria"	"c__Actinobacteria"	"o__Actinomycetales"	"f__Streptomycetaceae"	"g__Amycolatopsis"	NA
"249571"	"k__Bacteria"	"p__Actinobacteria"	"c__Actinobacteria"	"o__Actinomycetales"	"f__Micromonosporaceae"	"g__"	NA
"1106748"	"k__Bacteria"	"p__Verrucomicrobia"	"c__[Pedosphaerae]"	"o__[Pedosphaerales]"	"f__OPB35"	"g__"	NA
"541511"	"k__Bacteria"	"p__Bacteroidetes"	"c__Cytophagia"	"o__Cytophagales"	"f__Cytophagaceae"	"g__"	NA
"788268"	"k__Bacteria"	"p__Actinobacteria"	"c__Actinobacteria"	"o__Actinomycetales"	"f__Cellulomonadaceae"	"g__Cellulomonas"	NA
"591683"	"k__Bacteria"	"p__Proteobacteria"	"c__Alphaproteobacteria"	"o__Rhizobiales"	"f__Hyphomicrobiaceae"	"g__Pedomicrobium"	NA
"222900"	"k__Bacteria"	"p__Proteobacteria"	"c__Deltaproteobacteria"	"o__Myxococcales"	"f__Polyangiaceae"	"g__"	NA
"893232"	"k__Bacteria"	"p__Proteobacteria"	"c__Alphaproteobacteria"	"o__Rhodospirillales"	"f__"	"g__"	NA
"578508"	"k__Bacteria"	"p__Verrucomicrobia"	"c__[Spartobacteria]"	"o__[Chthoniobacterales]"	"f__[Chthoniobacteraceae]"	"g__Candidatus Xiphinematobacter"	NA
"370301"	"k__Bacteria"	"p__Proteobacteria"	"c__Alphaproteobacteria"	"o__Rhodospirillales"	"f__Acetobacteraceae"	"g__Roseomonas"	NA
"754410"	"k__Bacteria"	"p__Proteobacteria"	"c__Alphaproteobacteria"	"o__Sphingomonadales"	"f__Sphingomonadaceae"	"g__"	NA
"3276016"	"k__Bacteria"	"p__Planctomycetes"	"c__Planctomycetia"	"o__Gemmatales"	"f__Gemmataceae"	"g__"	NA
"994823"	"k__Bacteria"	"p__Actinobacteria"	"c__Thermoleophilia"	"o__Solirubrobacterales"	"f__Patulibacteraceae"	"g__"	NA
"709971"	"k__Bacteria"	"p__Proteobacteria"	"c__Alphaproteobacteria"	"o__Rhizobiales"	"f__Bradyrhizobiaceae"	"g__Pseudomonas"	NA
"624858"	"k__Bacteria"	"p__Acidobacteria"	"c__[Chloracidobacteria]"	"o__11-24"	"f__"	"g__"	NA
"833645"	"k__Bacteria"	"p__Firmicutes"	"c__Bacilli"	"o__Bacillales"	"f__"	"g__"	NA
"922761"	"k__Bacteria"	"p__Proteobacteria"	"c__Gammaproteobacteria"	"o__Enterobacteriales"	"f__Enterobacteriaceae"	"g__Erwinia"	NA
"1111883"	"k__Bacteria"	"p__Gemmatimonadetes"	"c__Gemm-1"	"o__"	"f__"	"g__"	NA
"225453"	"k__Bacteria"	"p__Proteobacteria"	"c__Gammaproteobacteria"	"o__Alteromonadales"	"f__Alteromonadaceae"	"g__Cellvibrio"	NA
"920852"	"k__Bacteria"	"p__Actinobacteria"	"c__Actinobacteria"	"o__Actinomycetales"	"f__Streptomycetaceae"	"g__Streptomyces"	NA
"513073"	"k__Bacteria"	"p__Proteobacteria"	"c__Alphaproteobacteria"	"o__Rhizobiales"	"f__Hyphomicrobiaceae"	"g__Hyphomicrobium"	NA
"850135"	"k__Bacteria"	"p__Proteobacteria"	"c__Betaproteobacteria"	"o__Burkholderiales"	"f__Comamonadaceae"	"g__"	NA
"918840"	"k__Bacteria"	"p__Actinobacteria"	"c__Actinobacteria"	"o__Actinomycetales"	"f__Pseudonocardiaceae"	"g__Pseudonocardia"	NA
"929699"	"k__Bacteria"	"p__Verrucomicrobia"	"c__[Spartobacteria]"	"o__[Chthoniobacterales]"	"f__[Chthoniobacteraceae]"	"g__DA101"	NA
"562922"	"k__Bacteria"	"p__Chloroflexi"	"c__Gitt-GS-136"	"o__"	"f__"	"g__"	NA
"591340"	"k__Bacteria"	"p__Proteobacteria"	"c__Betaproteobacteria"	"o__Ellin6067"	"f__"	"g__"	NA
"828127"	"k__Bacteria"	"p__Proteobacteria"	"c__Deltaproteobacteria"	"o__NB1-j"	"f__NB1-i"	"g__"	NA
"545548"	"k__Bacteria"	"p__Chloroflexi"	"c__Chloroflexi"	"o__[Roseiflexales]"	"f__[Kouleothrixaceae]"	"g__"	NA
"562604"	"k__Bacteria"	"p__Proteobacteria"	"c__Deltaproteobacteria"	"o__[Entotheonellales]"	"f__[Entotheonellaceae]"	"g__"	NA
"646549"	"k__Bacteria"	"p__Proteobacteria"	"c__Gammaproteobacteria"	"o__Pseudomonadales"	"f__Pseudomonadaceae"	"g__Pseudomonas"	NA
"1107346"	"k__Bacteria"	"p__Acidobacteria"	"c__[Chloracidobacteria]"	"o__RB41"	"f__"	"g__"	NA
"808919"	"k__Bacteria"	"p__Proteobacteria"	"c__Deltaproteobacteria"	"o__Myxococcales"	"f__Polyangiaceae"	"g__Aetherobacter"	NA
"591157"	"k__Bacteria"	"p__Proteobacteria"	"c__Betaproteobacteria"	"o__"	"f__"	"g__"	NA
"940737"	"k__Bacteria"	"p__Proteobacteria"	"c__Betaproteobacteria"	"o__Burkholderiales"	"f__Comamonadaceae"	"g__Aquincola"	NA
"410072"	"k__Bacteria"	"p__Actinobacteria"	"c__Acidimicrobiia"	"o__Acidimicrobiales"	"f__"	"g__"	NA
"1069076"	"k__Bacteria"	"p__Bacteroidetes"	"c__Cytophagia"	"o__Cytophagales"	"f__Cytophagaceae"	"g__Adhaeribacter"	NA
"521158"	"k__Bacteria"	"p__Planctomycetes"	"c__Planctomycetia"	"o__Planctomycetales"	"f__Planctomycetaceae"	"g__Planctomyces"	NA
"1084045"	"k__Bacteria"	"p__Firmicutes"	"c__Bacilli"	"o__Bacillales"	"f__Planococcaceae"	"g__Lysinibacillus"	NA
"1108960"	"k__Bacteria"	"p__Proteobacteria"	"c__Alphaproteobacteria"	"o__Sphingomonadales"	"f__Sphingomonadaceae"	"g__Sphingomonas"	NA
"751555"	"k__Bacteria"	"p__Proteobacteria"	"c__Alphaproteobacteria"	"o__Rhodospirillales"	"f__Rhodospirillaceae"	"g__"	NA
"585878"	"k__Bacteria"	"p__WS3"	"c__PRR-12"	"o__Sediment-1"	"f__"	"g__"	NA
"144633"	"k__Bacteria"	"p__Chloroflexi"	"c__Anaerolineae"	"o__H39"	"f__"	"g__"	NA
"718335"	"k__Bacteria"	"p__Actinobacteria"	"c__Acidimicrobiia"	"o__Acidimicrobiales"	"f__C111"	"g__"	NA
"4318356"	"k__Bacteria"	"p__Verrucomicrobia"	"c__[Spartobacteria]"	"o__[Chthoniobacterales]"	"f__[Chthoniobacteraceae]"	"g__"	NA
"353494"	"k__Bacteria"	"p__Bacteroidetes"	"c__[Saprospirae]"	"o__[Saprospirales]"	"f__Chitinophagaceae"	"g__Niastella"	NA
"532125"	"k__Bacteria"	"p__Chloroflexi"	"c__Anaerolineae"	"o__Caldilineales"	"f__Caldilineaceae"	"g__"	NA
"1106130"	"k__Bacteria"	"p__Actinobacteria"	"c__Actinobacteria"	"o__Actinomycetales"	"f__Streptomycetaceae"	"g__"	NA
"576059"	"k__Bacteria"	"p__Acidobacteria"	"c__Solibacteres"	"o__Solibacterales"	"f__Solibacteraceae"	"g__Candidatus Solibacter"	NA
"13332"	"k__Bacteria"	"p__Actinobacteria"	"c__Actinobacteria"	"o__Actinomycetales"	"f__Williamsiaceae"	"g__Williamsia"	NA
"1021984"	"k__Bacteria"	"p__Proteobacteria"	"c__Deltaproteobacteria"	"o__Myxococcales"	"f__"	"g__"	NA
"509899"	"k__Bacteria"	"p__Acidobacteria"	"c__iii1-8"	"o__DS-18"	"f__"	"g__"	NA
"358068"	"k__Bacteria"	"p__Proteobacteria"	"c__Betaproteobacteria"	"o__Burkholderiales"	"f__Comamonadaceae"	"g__Methylibium"	NA
"58633"	"k__Bacteria"	"p__Bacteroidetes"	"c__[Saprospirae]"	"o__[Saprospirales]"	"f__Chitinophagaceae"	"g__Chitinophaga"	NA
"538111"	"k__Bacteria"	"p__Actinobacteria"	"c__Actinobacteria"	"o__Actinomycetales"	"f__Intrasporangiaceae"	"g__"	NA
"252274"	"k__Bacteria"	"p__Proteobacteria"	"c__Alphaproteobacteria"	"o__Rhizobiales"	"f__"	"g__"	NA
"213308"	"k__Bacteria"	"p__Chloroflexi"	"c__Thermomicrobia"	"o__JG30-KF-CM45"	"f__"	"g__"	NA
"570595"	"k__Bacteria"	"p__Acidobacteria"	"c__Solibacteres"	"o__Solibacterales"	"f__"	"g__"	NA
"2068089"	"k__Bacteria"	"p__Acidobacteria"	"c__Acidobacteria-6"	"o__CCU21"	"f__"	"g__"	NA
"1142871"	"k__Bacteria"	"p__Actinobacteria"	"c__MB-A2-108"	"o__0319-7L14"	"f__"	"g__"	NA
"837424"	"k__Bacteria"	"p__Proteobacteria"	"c__Alphaproteobacteria"	"o__Rhodobacterales"	"f__Hyphomonadaceae"	"g__"	NA
"824723"	"k__Bacteria"	"p__Actinobacteria"	"c__Actinobacteria"	"o__Actinomycetales"	"f__Micrococcaceae"	"g__Arthrobacter"	NA
"252345"	"k__Bacteria"	"p__Proteobacteria"	"c__Gammaproteobacteria"	"o__Xanthomonadales"	"f__Xanthomonadaceae"	"g__"	NA
"998905"	"k__Bacteria"	"p__Proteobacteria"	"c__Alphaproteobacteria"	"o__Caulobacterales"	"f__Caulobacteraceae"	"g__Mycoplana"	NA
"571484"	"k__Bacteria"	"p__Proteobacteria"	"c__Betaproteobacteria"	"o__Methylophilales"	"f__Methylophilaceae"	"g__"	NA
"408093"	"k__Bacteria"	"p__Actinobacteria"	"c__Actinobacteria"	"o__Actinomycetales"	"f__Micromonosporaceae"	"g__Dactylosporangium"	NA
"594040"	"k__Bacteria"	"p__Bacteroidetes"	"c__[Saprospirae]"	"o__[Saprospirales]"	"f__Chitinophagaceae"	"g__Flavisolibacter"	NA
"136998"	"k__Bacteria"	"p__Verrucomicrobia"	"c__Opitutae"	"o__Opitutales"	"f__Opitutaceae"	"g__Opitutus"	NA
"4308759"	"k__Bacteria"	"p__Proteobacteria"	"c__Deltaproteobacteria"	"o__Syntrophobacterales"	"f__Syntrophobacteraceae"	"g__"	NA
"345333"	"k__Bacteria"	"p__Proteobacteria"	"c__Alphaproteobacteria"	"o__Rhizobiales"	"f__Phyllobacteriaceae"	"g__Phyllobacterium"	NA
"537655"	"k__Bacteria"	"p__Nitrospirae"	"c__Nitrospira"	"o__Nitrospirales"	"f__Nitrospiraceae"	"g__Nitrospira"	NA
"758928"	"k__Bacteria"	"p__Bacteroidetes"	"c__[Saprospirae]"	"o__[Saprospirales]"	"f__Saprospiraceae"	"g__"	NA
"331521"	"k__Bacteria"	"p__Nitrospirae"	"c__Nitrospira"	"o__Nitrospirales"	"f__0319-6A21"	"g__"	NA
"250522"	"k__Bacteria"	"p__Proteobacteria"	"c__Alphaproteobacteria"	"o__"	"f__"	"g__"	NA
"1072673"	"k__Bacteria"	"p__Bacteroidetes"	"c__Flavobacteriia"	"o__Flavobacteriales"	"f__Flavobacteriaceae"	"g__Flavobacterium"	NA
"822874"	"k__Bacteria"	"p__Proteobacteria"	"c__Alphaproteobacteria"	"o__Rhizobiales"	"f__Hyphomicrobiaceae"	"g__"	NA
"819037"	"k__Bacteria"	"p__Proteobacteria"	"c__Betaproteobacteria"	"o__Burkholderiales"	"f__Comamonadaceae"	"g__Variovorax"	NA
"751138"	"k__Bacteria"	"p__Proteobacteria"	"c__Gammaproteobacteria"	"o__Xanthomonadales"	"f__Xanthomonadaceae"	"g__Lysobacter"	NA
"207355"	"k__Bacteria"	"p__Chloroflexi"	"c__Anaerolineae"	"o__SBR1031"	"f__A4b"	"g__"	NA
"93175"	"k__Bacteria"	"p__Actinobacteria"	"c__Acidimicrobiia"	"o__Acidimicrobiales"	"f__Iamiaceae"	"g__Iamia"	NA
"142384"	"k__Bacteria"	"p__Proteobacteria"	"c__Betaproteobacteria"	"o__A21b"	"f__UD5"	"g__"	NA
"1015017"	"k__Bacteria"	"p__Proteobacteria"	"c__Deltaproteobacteria"	"o__Myxococcales"	"f__Nannocystaceae"	"g__Nannocystis"	NA
"561885"	"k__Bacteria"	"p__Proteobacteria"	"c__Alphaproteobacteria"	"o__Rhizobiales"	"f__Rhizobiaceae"	"g__Agrobacterium"	NA
"4469039"	"k__Bacteria"	"p__Planctomycetes"	"c__Planctomycetia"	"o__Pirellulales"	"f__Pirellulaceae"	"g__"	NA
"354765"	"k__Bacteria"	"p__Actinobacteria"	"c__Actinobacteria"	"o__Actinomycetales"	"f__Micromonosporaceae"	"g__Verrucosispora"	NA
"248395"	"k__Bacteria"	"p__Proteobacteria"	"c__Alphaproteobacteria"	"o__Caulobacterales"	"f__Caulobacteraceae"	"g__Caulobacter"	NA
"942852"	"k__Bacteria"	"p__Proteobacteria"	"c__Betaproteobacteria"	"o__Burkholderiales"	"f__Comamonadaceae"	"g__Aquabacterium"	NA
"673712"	"k__Bacteria"	"p__Acidobacteria"	"c__RB25"	"o__"	"f__"	"g__"	NA
"555384"	"k__Bacteria"	"p__Actinobacteria"	"c__Actinobacteria"	"o__Actinomycetales"	"f__Streptosporangiaceae"	"g__Nonomuraea"	NA
"571700"	"k__Bacteria"	"p__Chloroflexi"	"c__S085"	"o__"	"f__"	"g__"	NA
"361372"	"k__Bacteria"	"p__Bacteroidetes"	"c__Cytophagia"	"o__Cytophagales"	"f__"	"g__"	NA
"112867"	"k__Bacteria"	"p__Chloroflexi"	"c__Ellin6529"	"o__"	"f__"	"g__"	NA
"237257"	"k__Bacteria"	"p__Chloroflexi"	"c__Anaerolineae"	"o__envOPS12"	"f__"	"g__"	NA
"220524"	"k__Bacteria"	"p__Actinobacteria"	"c__Actinobacteria"	"o__Actinomycetales"	"f__Nakamurellaceae"	"g__"	NA
"814295"	"k__Bacteria"	"p__Acidobacteria"	"c__[Chloracidobacteria]"	"o__RB41"	"f__Ellin6075"	"g__"	NA
"13568"	"k__Bacteria"	"p__Actinobacteria"	"c__Actinobacteria"	"o__Actinomycetales"	"f__Nocardiaceae"	"g__Rhodococcus"	NA
"819893"	"k__Bacteria"	"p__Proteobacteria"	"c__Betaproteobacteria"	"o__SC-I-84"	"f__"	"g__"	NA
"588703"	"k__Bacteria"	"p__Proteobacteria"	"c__Deltaproteobacteria"	"o__Desulfuromonadales"	"f__Geobacteraceae"	"g__Geobacter"	NA
"783660"	"k__Bacteria"	"p__Acidobacteria"	"c__Acidobacteriia"	"o__Acidobacteriales"	"f__Koribacteraceae"	"g__Candidatus Koribacter"	NA
"112949"	"k__Bacteria"	"p__Chloroflexi"	"c__TK10"	"o__AKYG885"	"f__Dolo_23"	"g__"	NA
"1081222"	"k__Bacteria"	"p__Firmicutes"	"c__Bacilli"	"o__Bacillales"	"f__Paenibacillaceae"	"g__Paenibacillus"	NA
"1049393"	"k__Bacteria"	"p__Verrucomicrobia"	"c__[Spartobacteria]"	"o__[Chthoniobacterales]"	"f__[Chthoniobacteraceae]"	"g__Chthoniobacter"	NA
"925200"	"k__Bacteria"	"p__Actinobacteria"	"c__Thermoleophilia"	"o__Solirubrobacterales"	"f__Conexibacteraceae"	"g__"	NA
"511817"	"k__Bacteria"	"p__Verrucomicrobia"	"c__[Spartobacteria]"	"o__[Chthoniobacterales]"	"f__[Chthoniobacteraceae]"	"g__OR-59"	NA
"215825"	"k__Bacteria"	"p__Proteobacteria"	"c__Alphaproteobacteria"	"o__Ellin329"	"f__"	"g__"	NA
"223655"	"k__Bacteria"	"p__Planctomycetes"	"c__Phycisphaerae"	"o__WD2101"	"f__"	"g__"	NA
"831289"	"k__Bacteria"	"p__Proteobacteria"	"c__Alphaproteobacteria"	"o__Caulobacterales"	"f__"	"g__"	NA
"357721"	"k__Bacteria"	"p__Elusimicrobia"	"c__Elusimicrobia"	"o__FAC88"	"f__"	"g__"	NA
"564093"	"k__Bacteria"	"p__Actinobacteria"	"c__Actinobacteria"	"o__Actinomycetales"	"f__Micromonosporaceae"	"g__Virgisporangium"	NA
"110321"	"k__Bacteria"	"p__Firmicutes"	"c__Bacilli"	"o__Bacillales"	"f__Alicyclobacillaceae"	"g__Alicyclobacillus"	NA
"567840"	"k__Bacteria"	"p__Proteobacteria"	"c__Alphaproteobacteria"	"o__Rhizobiales"	"f__Bradyrhizobiaceae"	"g__Bosea"	NA
"1084157"	"k__Bacteria"	"p__Actinobacteria"	"c__Actinobacteria"	"o__Actinomycetales"	"f__Intrasporangiaceae"	"g__Janibacter"	NA
"888396"	"k__Bacteria"	"p__Proteobacteria"	"c__Betaproteobacteria"	"o__Burkholderiales"	"f__Comamonadaceae"	"g__Hydrogenophaga"	NA
"1108830"	"k__Bacteria"	"p__Proteobacteria"	"c__Alphaproteobacteria"	"o__Rhizobiales"	"f__Methylocystaceae"	"g__"	NA
"368218"	"k__Bacteria"	"p__Actinobacteria"	"c__Thermoleophilia"	"o__Gaiellales"	"f__Gaiellaceae"	"g__"	NA
"225379"	"k__Bacteria"	"p__Acidobacteria"	"c__Sva0725"	"o__Sva0725"	"f__"	"g__"	NA
"316335"	"k__Bacteria"	"p__Proteobacteria"	"c__Alphaproteobacteria"	"o__Rhizobiales"	"f__Hyphomicrobiaceae"	"g__Rhodoplanes"	NA
"937372"	"k__Bacteria"	"p__Proteobacteria"	"c__Betaproteobacteria"	"o__Burkholderiales"	"f__Comamonadaceae"	"g__Ramlibacter"	NA
"1129425"	"k__Bacteria"	"p__Actinobacteria"	"c__Thermoleophilia"	"o__Solirubrobacterales"	"f__Solirubrobacteraceae"	"g__Solirubrobacter"	NA
"992428"	"k__Bacteria"	"p__Verrucomicrobia"	"c__[Pedosphaerae]"	"o__[Pedosphaerales]"	"f__Ellin517"	"g__"	NA
"100640"	"k__Bacteria"	"p__Proteobacteria"	"c__Betaproteobacteria"	"o__IS-44"	"f__"	"g__"	NA
"3582363"	"k__Bacteria"	"p__Proteobacteria"	"c__Deltaproteobacteria"	"o__Myxococcales"	"f__OM27"	"g__"	NA
"1060517"	"k__Bacteria"	"p__Proteobacteria"	"c__Betaproteobacteria"	"o__Burkholderiales"	"f__Oxalobacteraceae"	"g__Janthinobacterium"	NA
"185100"	"k__Bacteria"	"p__Proteobacteria"	"c__Deltaproteobacteria"	"o__Bdellovibrionales"	"f__Bacteriovoracaceae"	"g__"	NA
"1107243"	"k__Bacteria"	"p__Proteobacteria"	"c__Alphaproteobacteria"	"o__Rhizobiales"	"f__Rhizobiaceae"	"g__Rhizobium"	NA
"558911"	"k__Bacteria"	"p__Actinobacteria"	"c__Actinobacteria"	"o__Actinomycetales"	"f__Nocardioidaceae"	"g__Kribbella"	NA
"539866"	"k__Bacteria"	"p__Proteobacteria"	"c__Gammaproteobacteria"	"o__Thiotrichales"	"f__Piscirickettsiaceae"	"g__"	NA
"873887"	"k__Bacteria"	"p__Actinobacteria"	"c__Thermoleophilia"	"o__Solirubrobacterales"	"f__Solirubrobacteraceae"	"g__"	NA
"915265"	"k__Bacteria"	"p__Bacteroidetes"	"c__Cytophagia"	"o__Cytophagales"	"f__Cytophagaceae"	"g__Dyadobacter"	NA
"532139"	"k__Bacteria"	"p__Proteobacteria"	"c__Betaproteobacteria"	"o__MND1"	"f__"	"g__"	NA
"1009440"	"k__Bacteria"	"p__Proteobacteria"	"c__Alphaproteobacteria"	"o__Caulobacterales"	"f__Caulobacteraceae"	"g__"	NA
"4447718"	"k__Bacteria"	"p__Verrucomicrobia"	"c__[Pedosphaerae]"	"o__[Pedosphaerales]"	"f__Ellin515"	"g__"	NA
"338140"	"k__Bacteria"	"p__Proteobacteria"	"c__Gammaproteobacteria"	"o__Pseudomonadales"	"f__Pseudomonadaceae"	"g__"	NA
"254346"	"k__Bacteria"	"p__Actinobacteria"	"c__Rubrobacteria"	"o__Rubrobacterales"	"f__Rubrobacteraceae"	"g__"	NA
"558264"	"k__Bacteria"	"p__Proteobacteria"	"c__Betaproteobacteria"	"o__Burkholderiales"	"f__Alcaligenaceae"	"g__Achromobacter"	NA
"415661"	"k__Bacteria"	"p__Proteobacteria"	"c__Betaproteobacteria"	"o__Burkholderiales"	"f__Oxalobacteraceae"	"g__Ralstonia"	NA
"4359497"	"k__Bacteria"	"p__Gemmatimonadetes"	"c__Gemmatimonadetes"	"o__Ellin5290"	"f__"	"g__"	NA
"113004"	"k__Bacteria"	"p__Gemmatimonadetes"	"c__Gemmatimonadetes"	"o__Gemmatimonadales"	"f__Ellin5301"	"g__"	NA
"1081489"	"k__Bacteria"	"p__Fibrobacteres"	"c__Fibrobacteria"	"o__258ds10"	"f__"	"g__"	NA
"4342317"	"k__Bacteria"	"p__Bacteroidetes"	"c__Sphingobacteriia"	"o__Sphingobacteriales"	"f__"	"g__"	NA
"539336"	"k__Bacteria"	"p__Acidobacteria"	"c__PAUC37f"	"o__"	"f__"	"g__"	NA
"627435"	"k__Bacteria"	"p__Proteobacteria"	"c__Deltaproteobacteria"	"o__Myxococcales"	"f__0319-6G20"	"g__"	NA
"226240"	"k__Bacteria"	"p__Verrucomicrobia"	"c__Opitutae"	"o__Opitutales"	"f__Opitutaceae"	"g__"	NA
"303643"	"k__Bacteria"	"p__Proteobacteria"	"c__Alphaproteobacteria"	"o__Rhizobiales"	"f__Bradyrhizobiaceae"	"g__"	NA
"772651"	"k__Bacteria"	"p__Acidobacteria"	"c__Acidobacteria-6"	"o__iii1-15"	"f__RB40"	"g__"	NA
"544772"	"k__Bacteria"	"p__Proteobacteria"	"c__Alphaproteobacteria"	"o__Rhizobiales"	"f__Hyphomicrobiaceae"	"g__Devosia"	NA
"732609"	"k__Bacteria"	"p__Actinobacteria"	"c__Actinobacteria"	"o__Actinomycetales"	"f__Promicromonosporaceae"	"g__Luteimicrobium"	NA
"812105"	"k__Bacteria"	"p__WS3"	"c__PRR-12"	"o__Sediment-1"	"f__PRR-10"	"g__"	NA
"329490"	"k__Bacteria"	"p__Actinobacteria"	"c__Actinobacteria"	"o__Actinomycetales"	"f__Actinosynnemataceae"	"g__Lentzea"	NA
"778795"	"k__Bacteria"	"p__Gemmatimonadetes"	"c__Gemmatimonadetes"	"o__"	"f__"	"g__"	NA
"139405"	"k__Bacteria"	"p__Planctomycetes"	"c__Planctomycetia"	"o__Pirellulales"	"f__Pirellulaceae"	"g__Pirellula"	NA
"137916"	"k__Bacteria"	"p__Proteobacteria"	"c__Alphaproteobacteria"	"o__Rhizobiales"	"f__Beijerinckiaceae"	"g__"	NA
"4401982"	"k__Bacteria"	"p__Nitrospirae"	"c__Nitrospira"	"o__Nitrospirales"	"f__Nitrospiraceae"	"g__"	NA
"750320"	"k__Bacteria"	"p__Proteobacteria"	"c__Deltaproteobacteria"	"o__Myxococcales"	"f__Polyangiaceae"	"g__Sorangium"	NA
"917888"	"k__Bacteria"	"p__Bacteroidetes"	"c__Sphingobacteriia"	"o__Sphingobacteriales"	"f__Sphingobacteriaceae"	"g__"	NA
"256569"	"k__Bacteria"	"p__Chlorobi"	"c__"	"o__"	"f__"	"g__"	NA
"235541"	"k__Bacteria"	"p__Verrucomicrobia"	"c__[Pedosphaerae]"	"o__[Pedosphaerales]"	"f__"	"g__"	NA
"688259"	"k__Bacteria"	"p__Actinobacteria"	"c__Actinobacteria"	"o__Actinomycetales"	"f__Micromonosporaceae"	"g__Couchioplanes"	NA
"554390"	"k__Bacteria"	"p__Proteobacteria"	"c__Deltaproteobacteria"	"o__Bdellovibrionales"	"f__Bacteriovoracaceae"	"g__Peredibacter"	NA
"1072787"	"k__Bacteria"	"p__Proteobacteria"	"c__Gammaproteobacteria"	"o__Xanthomonadales"	"f__Xanthomonadaceae"	"g__Thermomonas"	NA
"570552"	"k__Bacteria"	"p__Actinobacteria"	"c__Actinobacteria"	"o__Actinomycetales"	"f__Microbacteriaceae"	"g__Agromyces"	NA
"339660"	"k__Bacteria"	"p__Proteobacteria"	"c__Gammaproteobacteria"	"o__Xanthomonadales"	"f__Sinobacteraceae"	"g__"	NA
"4300564"	"k__Bacteria"	"p__Proteobacteria"	"c__Alphaproteobacteria"	"o__Caulobacterales"	"f__Caulobacteraceae"	"g__Asticcacaulis"	NA
"2946783"	"k__Bacteria"	"p__Proteobacteria"	"c__Alphaproteobacteria"	"o__Sphingomonadales"	"f__Erythrobacteraceae"	"g__"	NA
"817349"	"k__Bacteria"	"p__Proteobacteria"	"c__Gammaproteobacteria"	"o__Acidithiobacillales"	"f__"	"g__"	NA
"546371"	"k__Bacteria"	"p__Actinobacteria"	"c__Thermoleophilia"	"o__Solirubrobacterales"	"f__"	"g__"	NA
"824146"	"k__Bacteria"	"p__Proteobacteria"	"c__Alphaproteobacteria"	"o__Sphingomonadales"	"f__Sphingomonadaceae"	"g__Kaistobacter"	NA
"365415"	"k__Bacteria"	"p__Proteobacteria"	"c__Gammaproteobacteria"	"o__Xanthomonadales"	"f__Sinobacteraceae"	"g__Steroidobacter"	NA
"130710"	"k__Bacteria"	"p__Actinobacteria"	"c__Actinobacteria"	"o__Actinomycetales"	"f__Micrococcaceae"	"g__"	NA
"11428"	"k__Bacteria"	"p__Actinobacteria"	"c__Actinobacteria"	"o__Actinomycetales"	"f__Geodermatophilaceae"	"g__Geodermatophilus"	NA
"962736"	"k__Bacteria"	"p__Proteobacteria"	"c__Gammaproteobacteria"	"o__HTCC2188"	"f__HTCC2089"	"g__"	NA
"18499"	"k__Bacteria"	"p__Proteobacteria"	"c__Alphaproteobacteria"	"o__Sphingomonadales"	"f__Sphingomonadaceae"	"g__Sphingobium"	NA
"591358"	"k__Bacteria"	"p__Planctomycetes"	"c__Planctomycetia"	"o__Gemmatales"	"f__Gemmataceae"	"g__Gemmata"	NA
"238109"	"k__Bacteria"	"p__Proteobacteria"	"c__Betaproteobacteria"	"o__Burkholderiales"	"f__Comamonadaceae"	"g__Polaromonas"	NA
"556561"	"k__Archaea"	"p__Crenarchaeota"	"c__Thaumarchaeota"	"o__Nitrososphaerales"	"f__Nitrososphaeraceae"	"g__Candidatus Nitrososphaera"	NA
"1052930"	"k__Bacteria"	"p__Proteobacteria"	"c__Gammaproteobacteria"	"o__Xanthomonadales"	"f__Xanthomonadaceae"	"g__Luteimonas"	NA
"249068"	"k__Bacteria"	"p__Actinobacteria"	"c__Actinobacteria"	"o__Actinomycetales"	"f__Micromonosporaceae"	"g__Pilimelia"	NA
"835594"	"k__Bacteria"	"p__Proteobacteria"	"c__Alphaproteobacteria"	"o__Rhizobiales"	"f__Bradyrhizobiaceae"	"g__Balneimonas"	NA
"547097"	"k__Bacteria"	"p__Proteobacteria"	"c__Alphaproteobacteria"	"o__Rhizobiales"	"f__Phyllobacteriaceae"	"g__Mesorhizobium"	NA
"931643"	"k__Bacteria"	"p__Proteobacteria"	"c__Betaproteobacteria"	"o__Burkholderiales"	"f__Comamonadaceae"	"g__Acidovorax"	NA
"341698"	"k__Bacteria"	"p__Verrucomicrobia"	"c__Verrucomicrobiae"	"o__Verrucomicrobiales"	"f__Verrucomicrobiaceae"	"g__"	NA
"876170"	"k__Bacteria"	"p__Actinobacteria"	"c__Actinobacteria"	"o__Actinomycetales"	"f__Microbacteriaceae"	"g__Salinibacterium"	NA
"529793"	"k__Bacteria"	"p__Actinobacteria"	"c__Acidimicrobiia"	"o__Acidimicrobiales"	"f__EB1017"	"g__"	NA
"269781"	"k__Bacteria"	"p__Proteobacteria"	"c__Alphaproteobacteria"	"o__Rhizobiales"	"f__Rhizobiaceae"	"g__Kaistia"	NA
"1051517"	"k__Bacteria"	"p__Firmicutes"	"c__Bacilli"	"o__Bacillales"	"f__Bacillaceae"	"g__Bacillus"	NA
"550219"	"k__Bacteria"	"p__Acidobacteria"	"c__Acidobacteria-6"	"o__iii1-15"	"f__"	"g__"	NA
"254401"	"k__Bacteria"	"p__Proteobacteria"	"c__Alphaproteobacteria"	"o__Caulobacterales"	"f__Caulobacteraceae"	"g__Phenylobacterium"	NA
"546690"	"k__Bacteria"	"p__Actinobacteria"	"c__Actinobacteria"	"o__Actinomycetales"	"f__Microbacteriaceae"	"g__"	NA
"966091"	"k__Bacteria"	"p__Actinobacteria"	"c__Actinobacteria"	"o__Actinomycetales"	"f__Geodermatophilaceae"	"g__Modestobacter"	NA
"902698"	"k__Bacteria"	"p__Actinobacteria"	"c__Actinobacteria"	"o__Actinomycetales"	"f__Nocardioidaceae"	"g__"	NA
"591499"	"k__Bacteria"	"p__Proteobacteria"	"c__Betaproteobacteria"	"o__Burkholderiales"	"f__Oxalobacteraceae"	"g__Oxalobacter"	NA
"569066"	"k__Bacteria"	"p__Proteobacteria"	"c__Gammaproteobacteria"	"o__Xanthomonadales"	"f__Xanthomonadaceae"	"g__Dokdonella"	NA
"823633"	"k__Bacteria"	"p__Actinobacteria"	"c__Actinobacteria"	"o__Actinomycetales"	"f__Mycobacteriaceae"	"g__Mycobacterium"	NA
